date,weekday_num,temp,slp,wdsp,collisions
2013-01-01,2,38.0,1008.8,15.0,225.0
2013-01-02,3,27.5,1013.4,12.4,311.0
2013-01-03,4,21.8,1018.1,9.8,375.0
2013-01-04,5,32.2,1015.2,11.3,413.0
2013-01-05,6,37.3,1017.3,13.2,219.0
2013-01-06,0,35.7,1019.7,5.9,317.0
2013-01-07,1,35.9,1020.5,8.5,401.0
2013-01-08,2,39.8,1028.8,10.4,402.0
2013-01-09,3,39.9,1026.2,5.3,384.0
2013-01-10,4,43.5,1024.0,14.7,439.0
2013-01-11,5,38.0,1030.6,5.4,199.0
2013-01-12,6,42.7,1022.6,7.9,376.0
2013-01-13,0,45.4,1020.7,5.8,170.0
2013-01-14,1,47.2,1017.5,8.2,422.0
2013-01-15,2,42.3,1023.1,8.0,418.0
2013-01-16,3,41.6,1018.3,8.8,306.0
2013-01-17,4,39.4,1014.2,8.6,397.0
2013-01-18,5,28.1,1023.2,15.0,290.0
2013-01-19,6,35.9,1026.4,15.3,379.0
2013-01-20,0,46.3,1010.0,14.9,189.0
2013-01-21,1,31.2,1015.5,10.1,99.0
2013-01-22,2,26.3,1011.1,10.8,402.0
2013-01-23,3,16.2,1018.6,15.6,431.0
2013-01-24,4,14.3,1018.7,15.5,449.0
2013-01-25,5,19.0,1023.1,13.6,125.0
2013-01-26,6,24.4,1016.4,10.5,458.0
2013-01-27,0,21.7,1025.6,16.3,339.0
2013-01-28,1,27.3,1028.9,7.4,404.0
2013-01-29,2,35.4,1019.0,4.9,422.0
2013-01-30,3,45.1,1013.9,12.4,395.0
2013-01-31,4,46.5,995.5,23.1,459.0
2013-02-01,5,33.1,1007.0,18.2,335.0
2013-02-02,6,27.6,1020.9,12.5,371.0
2013-02-03,0,30.7,1012.0,9.8,285.0
2013-02-04,1,29.0,1008.3,15.5,433.0
2013-02-05,2,28.7,1014.6,8.2,311.0
2013-02-06,3,34.8,1014.9,6.1,430.0
2013-02-07,4,29.4,1028.7,10.2,429.0
2013-02-08,5,34.3,1026.0,16.3,113.0
2013-02-09,6,29.2,997.4,35.3,158.0
2013-02-10,0,24.7,1024.4,16.4,189.0
2013-02-11,1,36.4,1022.1,9.8,370.0
2013-02-12,2,41.4,1006.1,11.9,400.0
2013-02-13,3,36.1,1010.6,7.7,443.0
2013-02-14,4,36.6,1010.5,8.9,320.0
2013-02-15,5,38.6,1017.0,6.0,337.0
2013-02-16,6,39.2,1012.3,8.6,362.0
2013-02-17,0,30.9,998.1,23.6,354.0
2013-02-18,1,24.6,1010.5,22.0,89.0
2013-02-19,2,36.7,1019.0,10.6,388.0
2013-02-20,3,38.7,1004.5,16.9,395.0
2013-02-21,4,30.6,1009.7,17.3,394.0
2013-02-22,5,35.4,1022.3,14.2,419.0
2013-02-23,6,36.3,1022.9,7.0,418.0
2013-02-24,0,42.6,1004.7,17.1,250.0
2013-02-25,1,37.5,1015.7,13.4,391.0
2013-02-26,2,35.0,1025.2,5.0,414.0
2013-02-27,3,44.1,1014.7,18.0,435.0
2013-02-28,4,41.4,1002.1,7.8,415.0
2013-03-01,5,39.3,1000.8,10.6,468.0
2013-03-02,6,38.2,1004.0,9.4,273.0
2013-03-03,0,37.4,1002.6,7.1,390.0
2013-03-04,1,37.0,1002.1,11.5,302.0
2013-03-05,2,38.5,1009.5,14.9,409.0
2013-03-06,3,39.1,1014.7,13.5,396.0
2013-03-07,4,38.3,1008.2,31.6,428.0
2013-03-08,5,37.4,1008.1,28.4,138.0
2013-03-09,6,39.2,1018.9,24.9,428.0
2013-03-10,0,39.0,1026.9,11.9,154.0
2013-03-11,1,39.9,1026.1,6.5,420.0
2013-03-12,2,46.0,1018.9,13.1,298.0
2013-03-13,3,46.3,1007.6,13.1,366.0
2013-03-14,4,37.0,1007.7,10.4,449.0
2013-03-15,5,31.2,1009.1,18.5,483.0
2013-03-16,6,37.1,1008.1,10.2,417.0
2013-03-17,0,34.8,1014.7,7.5,255.0
2013-03-18,1,32.1,1027.6,9.0,409.0
2013-03-19,2,39.6,1012.4,16.5,438.0
2013-03-20,3,36.5,1007.3,17.9,432.0
2013-03-21,4,38.3,1006.7,10.9,392.0
2013-03-22,5,34.3,1003.8,13.6,319.0
2013-03-23,6,38.5,1006.3,15.9,282.0
2013-03-24,0,39.1,1008.5,10.4,371.0
2013-03-25,1,38.1,1003.3,9.7,351.0
2013-03-26,2,39.8,1002.7,15.5,206.0
2013-03-27,3,41.7,1008.3,9.4,368.0
2013-03-28,4,42.5,1011.7,12.5,457.0
2013-03-29,5,45.2,1016.4,8.9,416.0
2013-03-30,6,44.5,1017.4,7.0,409.0
2013-03-31,0,43.0,1019.2,7.1,268.0
2013-04-01,1,47.0,1005.8,16.3,381.0
2013-04-02,2,39.6,1011.4,17.2,252.0
2013-04-03,3,42.6,1015.8,17.0,367.0
2013-04-04,4,39.0,1023.2,14.0,455.0
2013-04-05,5,42.9,1014.7,8.0,329.0
2013-04-06,6,40.2,1018.3,12.5,431.0
2013-04-07,0,39.7,1025.8,9.2,265.0
2013-04-08,1,50.0,1018.1,9.4,328.0
2013-04-09,2,49.4,1015.9,10.7,495.0
2013-04-10,3,46.5,1014.1,8.8,475.0
2013-04-11,4,46.2,1013.7,10.0,423.0
2013-04-12,5,43.6,1018.6,13.8,127.0
2013-04-13,6,44.4,1008.2,12.9,388.0
2013-04-14,0,46.1,1015.5,7.7,286.0
2013-04-15,1,46.1,1026.0,8.1,479.0
2013-04-16,2,46.0,1028.7,9.3,457.0
2013-04-17,3,52.1,1021.9,11.0,425.0
2013-04-18,4,46.5,1028.1,8.8,443.0
2013-04-19,5,52.6,1018.1,12.5,443.0
2013-04-20,6,52.7,1012.4,15.2,435.0
2013-04-21,0,45.1,1029.4,11.7,288.0
2013-04-22,1,43.0,1037.8,11.3,453.0
2013-04-23,2,44.6,1026.9,15.0,413.0
2013-04-24,3,47.5,1012.9,19.2,462.0
2013-04-25,4,50.8,1017.9,10.4,460.0
2013-04-26,5,49.5,1026.9,6.5,139.0
2013-04-27,6,46.6,1029.1,3.9,396.0
2013-04-28,0,48.0,1027.1,3.9,120.0
2013-04-29,1,49.7,1025.5,4.3,336.0
2013-04-30,2,51.0,1026.2,5.2,461.0
2013-05-01,3,49.9,1030.2,7.0,458.0
2013-05-02,4,49.9,1030.3,5.0,462.0
2013-05-03,5,46.9,1030.0,13.7,541.0
2013-05-04,6,47.8,1026.5,13.7,468.0
2013-05-05,0,47.8,1025.3,10.1,417.0
2013-05-06,1,49.2,1024.3,5.5,448.0
2013-05-07,2,54.4,1021.9,4.5,469.0
2013-05-08,3,59.4,1021.5,10.5,464.0
2013-05-09,4,57.2,1015.2,6.2,478.0
2013-05-10,5,56.1,1014.8,8.3,366.0
2013-05-11,6,56.2,1013.1,9.4,410.0
2013-05-12,0,56.2,1005.6,11.0,424.0
2013-05-13,1,53.1,1013.5,11.9,456.0
2013-05-14,2,51.0,1015.8,11.8,395.0
2013-05-15,3,53.1,1016.5,12.1,297.0
2013-05-16,4,57.7,1006.9,12.5,451.0
2013-05-17,5,58.2,1013.8,10.7,337.0
2013-05-18,6,54.6,1025.3,5.1,421.0
2013-05-19,0,56.3,1027.4,6.6,434.0
2013-05-20,1,57.5,1020.4,10.3,532.0
2013-05-21,2,58.0,1014.3,7.8,386.0
2013-05-22,3,57.8,1013.8,7.1,448.0
2013-05-23,4,61.5,1015.1,13.3,246.0
2013-05-24,5,61.0,1009.8,14.0,518.0
2013-05-25,6,55.6,1005.9,7.6,305.0
2013-05-26,0,50.2,1010.9,13.9,115.0
2013-05-27,1,56.9,1020.0,14.1,166.0
2013-05-28,2,56.6,1023.2,6.4,543.0
2013-05-29,3,57.9,1021.0,10.9,467.0
2013-05-30,4,60.9,1018.8,11.6,544.0
2013-05-31,5,62.0,1018.5,9.0,313.0
2013-06-01,6,60.9,1016.7,10.9,506.0
2013-06-02,0,61.8,1013.6,12.6,287.0
2013-06-03,1,60.8,1012.0,12.7,550.0
2013-06-04,2,61.8,1012.5,8.7,482.0
2013-06-05,3,58.6,1020.5,5.7,470.0
2013-06-06,4,58.6,1022.0,7.5,484.0
2013-06-07,5,56.1,1016.3,11.8,0.0
2013-06-08,6,62.3,1009.3,19.1,449.0
2013-06-09,0,63.6,1019.3,8.1,422.0
2013-06-10,1,62.2,1021.3,6.0,502.0
2013-06-11,2,60.8,1008.7,13.2,503.0
2013-06-12,3,64.0,1003.4,14.0,484.0
2013-06-13,4,60.8,1008.2,8.7,431.0
2013-06-14,5,55.0,1003.0,18.3,478.0
2013-06-15,6,62.4,1011.0,7.4,474.0
2013-06-16,0,61.3,1013.5,9.2,152.0
2013-06-17,1,63.2,1011.3,9.1,231.0
2013-06-18,2,60.9,1012.9,4.9,478.0
2013-06-19,3,62.6,1014.3,12.2,512.0
2013-06-20,4,60.6,1023.9,5.6,530.0
2013-06-21,5,62.0,1025.9,8.3,212.0
2013-06-22,6,63.4,1024.6,8.2,475.0
2013-06-23,0,64.9,1021.8,9.0,266.0
2013-06-24,1,66.8,1016.0,12.1,539.0
2013-06-25,2,69.7,1012.8,10.2,501.0
2013-06-26,3,69.5,1008.6,9.9,492.0
2013-06-27,4,65.5,1010.0,5.4,475.0
2013-06-28,5,66.1,1004.7,12.9,471.0
2013-06-29,6,66.2,1004.0,13.7,463.0
2013-06-30,0,65.4,1012.1,8.8,154.0
2013-07-01,1,66.7,1017.0,10.4,341.0
2013-07-02,2,67.7,1022.2,9.5,470.0
2013-07-03,3,68.7,1024.1,9.5,489.0
2013-07-04,4,69.8,1023.5,11.9,176.0
2013-07-05,5,71.6,1021.6,12.4,459.0
2013-07-06,6,73.0,1018.5,13.1,238.0
2013-07-07,0,74.4,1016.3,9.1,391.0
2013-07-08,1,72.6,1015.5,10.7,474.0
2013-07-09,2,72.7,1018.0,7.0,449.0
2013-07-10,3,71.1,1015.5,7.1,330.0
2013-07-11,4,71.8,1011.6,9.5,350.0
2013-07-12,5,69.4,1015.9,6.7,482.0
2013-07-13,6,67.9,1024.4,6.2,443.0
2013-07-14,0,72.9,1025.1,5.3,276.0
2013-07-15,1,76.3,1021.6,5.7,459.0
2013-07-16,2,77.4,1019.6,7.3,451.0
2013-07-17,3,72.9,1020.8,5.6,262.0
2013-07-18,4,75.6,1016.6,6.8,342.0
2013-07-19,5,73.9,1013.4,9.6,317.0
2013-07-20,6,74.5,1008.8,11.8,434.0
2013-07-21,0,72.8,1012.6,5.3,305.0
2013-07-22,1,68.3,1015.1,5.1,468.0
2013-07-23,2,72.1,1007.1,8.1,469.0
2013-07-24,3,74.9,1006.7,8.4,455.0
2013-07-25,4,67.7,1014.3,13.8,419.0
2013-07-26,5,66.1,1012.2,15.0,345.0
2013-07-27,6,69.1,1018.0,8.8,428.0
2013-07-28,0,69.8,1015.8,6.5,288.0
2013-07-29,1,69.2,1017.1,5.3,484.0
2013-07-30,2,71.2,1018.0,7.8,472.0
2013-07-31,3,70.6,1019.3,6.7,448.0
2013-08-01,4,68.9,1016.5,5.3,193.0
2013-08-02,5,69.7,1011.1,8.3,488.0
2013-08-03,6,69.3,1011.8,10.9,305.0
2013-08-04,0,69.4,1009.8,8.3,256.0
2013-08-05,1,68.1,1013.3,12.2,435.0
2013-08-06,2,66.2,1019.1,5.3,437.0
2013-08-07,3,64.5,1022.0,5.1,411.0
2013-08-08,4,67.8,1020.1,6.7,426.0
2013-08-09,5,70.7,1016.9,13.1,300.0
2013-08-10,6,72.4,1012.3,11.2,396.0
2013-08-11,0,69.5,1017.0,7.5,294.0
2013-08-12,1,68.2,1016.8,7.2,409.0
2013-08-13,2,67.8,1011.1,3.4,440.0
2013-08-14,3,68.4,1007.5,9.6,356.0
2013-08-15,4,67.2,1016.9,10.2,474.0
2013-08-16,5,67.4,1021.2,8.2,215.0
2013-08-17,6,67.3,1023.8,3.2,348.0
2013-08-18,0,64.8,1023.8,3.3,266.0
2013-08-19,1,65.5,1017.5,8.1,373.0
2013-08-20,2,71.0,1017.3,7.0,370.0
2013-08-21,3,70.3,1020.1,6.5,431.0
2013-08-22,4,70.5,1016.9,9.8,463.0
2013-08-23,5,70.6,1013.1,12.1,271.0
2013-08-24,6,66.2,1022.3,10.7,327.0
2013-08-25,0,64.0,1026.6,6.7,366.0
2013-08-26,1,68.3,1020.1,11.2,412.0
2013-08-27,2,68.0,1011.8,8.0,296.0
2013-08-28,3,66.4,1012.0,6.8,343.0
2013-08-29,4,65.7,1014.4,11.3,467.0
2013-08-30,5,65.0,1014.8,10.8,465.0
2013-08-31,6,69.4,1011.9,10.9,383.0
2013-09-01,0,70.7,1012.4,10.1,201.0
2013-09-02,1,70.8,1010.3,7.7,244.0
2013-09-03,2,70.1,1008.1,6.8,448.0
2013-09-04,3,68.5,1011.4,8.8,458.0
2013-09-05,4,67.4,1013.8,10.4,341.0
2013-09-06,5,60.3,1021.1,5.3,309.0
2013-09-07,6,63.6,1017.9,10.2,465.0
2013-09-08,0,68.0,1010.5,13.3,414.0
2013-09-09,1,59.8,1021.4,8.2,514.0
2013-09-10,2,65.5,1022.0,10.1,340.0
2013-09-11,3,69.9,1019.3,10.9,478.0
2013-09-12,4,70.2,1013.7,11.4,221.0
2013-09-13,5,69.1,1004.5,8.9,358.0
2013-09-14,6,64.5,1010.4,9.1,416.0
2013-09-15,0,61.2,1019.4,6.6,295.0
2013-09-16,1,62.4,1017.9,7.4,466.0
2013-09-17,2,56.1,1024.7,16.3,340.0
2013-09-18,3,56.1,1025.2,5.8,451.0
2013-09-19,4,62.4,1020.3,9.6,420.0
2013-09-20,5,62.6,1018.4,6.2,271.0
2013-09-21,6,63.6,1015.6,7.8,435.0
2013-09-22,0,66.3,1007.0,9.8,448.0
2013-09-23,1,57.5,1011.2,10.4,444.0
2013-09-24,2,54.5,1013.0,8.4,479.0
2013-09-25,3,55.3,1012.3,4.5,297.0
2013-09-26,4,56.8,1015.6,8.0,423.0
2013-09-27,5,58.1,1020.2,11.5,430.0
2013-09-28,6,59.2,1024.6,7.4,435.0
2013-09-29,0,54.9,1022.8,7.8,414.0
2013-09-30,1,59.5,1016.9,10.4,478.0
2013-10-01,2,62.1,1012.9,8.0,477.0
2013-10-02,3,64.8,1012.1,8.7,330.0
2013-10-03,4,65.8,1016.4,6.5,480.0
2013-10-04,5,62.8,1017.7,5.2,296.0
2013-10-05,6,61.3,1018.0,4.2,406.0
2013-10-06,0,59.1,1021.1,7.2,43.0
2013-10-07,1,65.7,1017.4,11.9,492.0
2013-10-08,2,61.5,1019.7,12.2,456.0
2013-10-09,3,56.4,1027.9,11.6,429.0
2013-10-10,4,58.4,1024.3,11.6,395.0
2013-10-11,5,60.6,1018.4,13.3,338.0
2013-10-12,6,58.6,1021.7,13.2,445.0
2013-10-13,0,55.1,1027.8,11.4,400.0
2013-10-14,1,51.5,1027.0,4.6,166.0
2013-10-15,2,53.9,1023.8,6.3,415.0
2013-10-16,3,57.5,1017.7,9.3,455.0
2013-10-17,4,59.4,1011.5,6.1,459.0
2013-10-18,5,62.3,1008.3,11.0,386.0
2013-10-19,6,57.3,1013.9,6.2,283.0
2013-10-20,0,58.3,1010.3,9.4,273.0
2013-10-21,1,54.4,1018.5,7.1,328.0
2013-10-22,2,59.1,1012.5,6.1,445.0
2013-10-23,3,52.5,1005.8,7.9,450.0
2013-10-24,4,48.4,1007.5,10.8,504.0
2013-10-25,5,48.0,1015.2,9.2,345.0
2013-10-26,6,49.0,1020.1,13.7,487.0
2013-10-27,0,54.3,1012.5,13.8,400.0
2013-10-28,1,50.7,1020.4,10.3,492.0
2013-10-29,2,47.5,1027.6,6.8,466.0
2013-10-30,3,46.8,1025.8,5.2,412.0
2013-10-31,4,54.8,1021.4,6.0,478.0
2013-11-01,5,62.3,1008.7,18.2,379.0
2013-11-02,6,57.4,1003.8,5.6,441.0
2013-11-03,0,49.4,1013.0,12.0,208.0
2013-11-04,1,42.0,1032.0,13.9,532.0
2013-11-05,2,43.5,1037.8,3.9,297.0
2013-11-06,3,46.5,1030.4,3.7,496.0
2013-11-07,4,57.8,1015.6,11.4,514.0
2013-11-08,5,47.1,1012.2,13.7,535.0
2013-11-09,6,41.7,1020.4,12.9,443.0
2013-11-10,0,52.5,1013.4,13.0,387.0
2013-11-11,1,47.1,1015.7,15.9,336.0
2013-11-12,2,45.7,1015.0,16.5,430.0
2013-11-13,3,33.5,1022.1,12.6,462.0
2013-11-14,4,42.8,1021.3,14.2,498.0
2013-11-15,5,53.0,1022.7,12.3,494.0
2013-11-16,6,51.2,1025.0,6.5,475.0
2013-11-17,0,48.9,1024.9,7.0,400.0
2013-11-18,1,55.9,1006.1,13.5,481.0
2013-11-19,2,47.0,1010.1,14.0,470.0
2013-11-20,3,38.0,1028.8,14.5,475.0
2013-11-21,4,39.0,1035.0,4.9,500.0
2013-11-22,5,46.2,1024.5,5.6,567.0
2013-11-23,6,47.3,1010.4,9.9,434.0
2013-11-24,0,30.5,1011.1,18.3,393.0
2013-11-25,1,27.0,1025.3,15.4,571.0
2013-11-26,2,44.4,1026.6,11.3,0.0
2013-11-27,3,53.3,1009.8,20.0,198.0
2013-11-28,4,40.1,1014.2,14.9,160.0
2013-11-29,5,31.2,1033.0,8.7,152.0
2013-11-30,6,31.3,1038.9,6.5,391.0
2013-12-01,0,43.1,1026.2,10.9,241.0
2013-12-02,1,44.0,1014.2,7.1,440.0
2013-12-03,2,41.8,1011.1,11.7,442.0
2013-12-04,3,39.8,1017.2,6.4,401.0
2013-12-05,4,43.4,1021.5,7.4,464.0
2013-12-06,5,50.6,1015.2,8.4,166.0
2013-12-07,6,39.7,1021.6,11.8,456.0
2013-12-08,0,34.0,1032.4,8.8,329.0
2013-12-09,1,40.8,1023.6,11.2,503.0
2013-12-10,2,38.8,1012.4,9.1,399.0
2013-12-11,3,31.8,1020.3,12.8,493.0
2013-12-12,4,28.1,1022.3,11.5,510.0
2013-12-13,5,28.1,1019.3,12.7,379.0
2013-12-14,6,26.9,1029.8,10.7,360.0
2013-12-15,0,40.0,1004.5,18.9,368.0
2013-12-16,1,32.0,1012.3,12.5,496.0
2013-12-17,2,28.6,1021.4,9.6,370.0
2013-12-18,3,35.4,1011.3,13.0,379.0
2013-12-19,4,39.1,1018.9,13.8,482.0
2013-12-20,5,42.5,1019.0,7.4,516.0
2013-12-21,6,47.6,1016.3,9.0,380.0
2013-12-22,0,51.9,1014.6,15.2,409.0
2013-12-23,1,48.7,1015.7,6.7,358.0
2013-12-24,2,38.4,1017.1,13.4,405.0
2013-12-25,3,26.2,1026.6,12.5,0.0
2013-12-26,4,33.3,1029.1,7.8,336.0
2013-12-27,5,33.1,1023.9,10.0,379.0
2013-12-28,6,39.3,1022.2,10.4,362.0
2013-12-29,0,43.2,1016.7,7.8,151.0
2013-12-30,1,42.5,1008.3,14.1,387.0
2013-12-31,2,28.5,1018.8,10.1,381.0
2014-01-01,3,28.2,1025.6,11.3,321.0
2014-01-02,4,31.1,1020.8,10.9,465.0
2014-01-03,5,24.2,1007.0,26.9,336.0
2014-01-04,6,18.8,1030.5,12.1,269.0
2014-01-05,0,37.8,1026.0,8.6,0.0
2014-01-06,1,46.3,1007.0,14.8,415.0
2014-01-07,2,23.9,1009.6,17.6,389.0
2014-01-08,3,18.2,1028.1,12.0,315.0
2014-01-09,4,23.5,1034.2,7.9,445.0
2014-01-10,5,28.8,1034.1,5.8,540.0
2014-01-11,6,44.8,1019.0,13.4,373.0
2014-01-12,0,45.1,1003.8,14.7,198.0
2014-01-13,1,38.6,1018.7,7.7,464.0
2014-01-14,2,45.5,1012.5,11.8,458.0
2014-01-15,3,41.1,1013.3,6.0,379.0
2014-01-16,4,40.8,1010.6,5.9,430.0
2014-01-17,5,38.6,1014.8,3.7,468.0
2014-01-18,6,38.8,1009.2,7.9,346.0
2014-01-19,0,36.1,1005.7,16.5,292.0
2014-01-20,1,41.0,1003.2,16.8,201.0
2014-01-21,2,29.2,1012.1,12.6,0.0
2014-01-22,3,25.0,1001.1,25.7,413.0
2014-01-23,4,16.5,1014.4,11.1,478.0
2014-01-24,5,14.8,1022.4,11.8,389.0
2014-01-25,6,32.0,1011.2,17.0,385.0
2014-01-26,0,26.8,1004.7,17.8,365.0
2014-01-27,1,38.8,1008.0,12.3,402.0
2014-01-28,2,22.2,1020.6,10.7,414.0
2014-01-29,3,20.3,1021.2,8.1,351.0
2014-01-30,4,22.0,1027.2,8.1,530.0
2014-01-31,5,33.7,1020.9,9.1,463.0
2014-02-01,6,35.6,1024.8,4.8,385.0
2014-02-02,0,39.3,1016.5,8.7,239.0
2014-02-03,1,36.5,1018.2,9.1,138.0
2014-02-04,2,32.5,1027.2,7.8,488.0
2014-02-05,3,32.3,1018.9,9.2,399.0
2014-02-06,4,30.4,1018.1,11.5,439.0
2014-02-07,5,28.1,1023.2,9.0,546.0
2014-02-08,6,28.2,1023.9,8.6,239.0
2014-02-09,0,30.3,1018.7,4.9,302.0
2014-02-10,1,28.9,1015.7,9.0,229.0
2014-02-11,2,24.0,1023.8,9.2,499.0
2014-02-12,3,23.7,1030.8,10.5,503.0
2014-02-13,4,37.0,1022.3,13.4,348.0
2014-02-14,5,40.2,989.5,20.1,175.0
2014-02-15,6,35.2,1006.5,11.8,400.0
2014-02-16,0,29.8,1004.2,20.2,383.0
2014-02-17,1,24.3,1019.8,13.1,310.0
2014-02-18,2,28.2,1023.6,12.7,415.0
2014-02-19,3,35.0,1015.6,12.3,445.0
2014-02-20,4,39.6,1018.5,10.4,426.0
2014-02-21,5,42.2,1017.2,10.4,400.0
2014-02-22,6,41.4,1015.1,11.0,445.0
2014-02-23,0,42.0,1015.4,9.1,143.0
2014-02-24,1,37.5,1008.3,10.3,450.0
2014-02-25,2,27.0,1014.2,15.5,404.0
2014-02-26,3,25.8,1012.3,8.0,402.0
2014-02-27,4,24.7,1008.1,8.4,401.0
2014-02-28,5,20.3,1020.5,12.5,515.0
2014-03-01,6,24.1,1029.1,5.2,386.0
2014-03-02,0,35.1,1018.5,6.8,42.0
2014-03-03,1,27.3,1017.2,11.2,357.0
2014-03-04,2,24.8,1025.5,8.3,363.0
2014-03-05,3,29.5,1024.3,7.1,398.0
2014-03-06,4,26.3,1032.2,16.4,452.0
2014-03-07,5,29.4,1027.4,8.4,425.0
2014-03-08,6,40.3,1009.0,11.0,403.0
2014-03-09,0,35.2,1011.2,8.9,154.0
2014-03-10,1,33.5,1010.7,6.1,400.0
2014-03-11,2,41.3,1002.9,9.0,411.0
2014-03-12,3,43.4,1002.2,9.6,420.0
2014-03-13,4,32.2,990.4,14.7,417.0
2014-03-14,5,25.4,1018.4,15.1,188.0
2014-03-15,6,41.3,1011.5,12.0,362.0
2014-03-16,0,35.3,1016.5,10.7,206.0
2014-03-17,1,28.5,1018.8,14.2,429.0
2014-03-18,2,27.7,1023.7,8.7,443.0
2014-03-19,3,35.0,1025.6,9.7,419.0
2014-03-20,4,41.7,1009.6,14.9,192.0
2014-03-21,5,39.3,1010.6,14.0,245.0
2014-03-22,6,38.1,1013.6,11.2,388.0
2014-03-23,0,38.9,1013.9,9.5,358.0
2014-03-24,1,27.4,1017.9,13.4,424.0
2014-03-25,2,26.5,1019.8,4.1,396.0
2014-03-26,3,30.8,1001.4,28.0,446.0
2014-03-27,4,28.4,1022.3,18.2,431.0
2014-03-28,5,41.2,1023.4,13.7,426.0
2014-03-29,6,44.9,1021.6,10.2,322.0
2014-03-30,0,46.3,1001.5,13.8,354.0
2014-03-31,1,37.8,1005.3,21.3,441.0
2014-04-01,2,37.1,1015.3,17.6,443.0
2014-04-02,3,39.3,1019.1,5.6,423.0
2014-04-03,4,40.9,1018.5,8.4,474.0
2014-04-04,5,40.0,1019.1,7.7,487.0
2014-04-05,6,44.8,1008.7,13.8,464.0
2014-04-06,0,41.1,1017.6,12.5,391.0
2014-04-07,1,42.0,1022.6,7.4,324.0
2014-04-08,2,47.7,1003.5,14.7,492.0
2014-04-09,3,46.8,1002.5,10.0,403.0
2014-04-10,4,41.6,1019.5,8.8,345.0
2014-04-11,5,48.0,1017.8,13.4,273.0
2014-04-12,6,50.1,1019.1,8.6,301.0
2014-04-13,0,47.0,1023.8,8.8,390.0
2014-04-14,1,52.2,1019.3,14.4,404.0
2014-04-15,2,52.6,1013.3,16.0,364.0
2014-04-16,3,42.9,1021.9,19.2,448.0
2014-04-17,4,37.5,1037.9,15.2,396.0
2014-04-18,5,40.4,1032.7,9.1,285.0
2014-04-19,6,45.7,1023.5,5.9,420.0
2014-04-20,0,44.2,1030.4,9.2,0.0
2014-04-21,1,43.1,1022.3,6.2,407.0
2014-04-22,2,49.5,1007.7,5.6,263.0
2014-04-23,3,49.5,998.0,8.6,395.0
2014-04-24,4,49.6,1002.9,19.1,324.0
2014-04-25,5,49.0,1013.4,10.5,493.0
2014-04-26,6,44.9,1009.1,12.2,448.0
2014-04-27,0,42.4,1012.5,4.8,347.0
2014-04-28,1,46.5,1016.1,13.7,322.0
2014-04-29,2,44.2,1028.1,16.5,299.0
2014-04-30,3,43.5,1030.7,12.3,384.0
2014-05-01,4,50.3,1016.6,13.3,264.0
2014-05-02,5,51.9,1006.4,10.2,294.0
2014-05-03,6,50.9,1010.3,6.4,463.0
2014-05-04,0,51.4,1005.1,12.8,254.0
2014-05-05,1,53.7,1005.8,10.2,503.0
2014-05-06,2,52.2,1011.1,5.7,441.0
2014-05-07,3,51.6,1019.8,6.8,479.0
2014-05-08,4,52.0,1022.3,7.5,472.0
2014-05-09,5,51.5,1022.6,6.7,462.0
2014-05-10,6,54.8,1015.2,11.1,334.0
2014-05-11,0,58.3,1013.2,12.6,457.0
2014-05-12,1,57.8,1018.5,9.1,472.0
2014-05-13,2,51.8,1022.0,14.1,377.0
2014-05-14,3,51.2,1026.5,9.8,350.0
2014-05-15,4,57.8,1026.0,9.6,520.0
2014-05-16,5,58.3,1021.6,11.8,388.0
2014-05-17,6,57.7,1016.0,12.5,480.0
2014-05-18,0,56.5,1017.6,8.5,296.0
2014-05-19,1,56.9,1016.9,9.0,471.0
2014-05-20,2,56.4,1015.4,10.4,337.0
2014-05-21,3,56.3,1014.9,6.0,441.0
2014-05-22,4,50.3,1013.1,6.0,422.0
2014-05-23,5,54.9,1012.4,7.3,516.0
2014-05-24,6,54.6,1014.2,15.0,283.0
2014-05-25,0,53.7,1018.2,5.4,305.0
2014-05-26,1,56.7,1015.3,10.3,179.0
2014-05-27,2,61.1,1011.0,10.0,492.0
2014-05-28,3,51.1,1012.8,15.2,438.0
2014-05-29,4,52.0,1021.9,11.2,375.0
2014-05-30,5,49.7,1019.4,5.7,454.0
2014-05-31,6,53.9,1019.1,12.4,477.0
2014-06-01,0,58.4,1024.8,11.0,466.0
2014-06-02,1,57.4,1022.9,6.8,515.0
2014-06-03,2,58.2,1016.6,8.8,538.0
2014-06-04,3,55.2,1011.4,8.3,332.0
2014-06-05,4,60.0,1006.3,7.1,464.0
2014-06-06,5,61.3,1007.8,10.0,401.0
2014-06-07,6,65.6,1012.5,8.6,338.0
2014-06-08,0,64.9,1013.2,4.8,412.0
2014-06-09,1,61.2,1015.2,5.6,378.0
2014-06-10,2,63.8,1015.8,5.6,411.0
2014-06-11,3,61.2,1019.6,11.3,448.0
2014-06-12,4,61.0,1019.7,13.4,314.0
2014-06-13,5,61.7,1013.7,14.4,396.0
2014-06-14,6,66.5,1009.7,5.7,412.0
2014-06-15,0,66.1,1013.9,10.9,202.0
2014-06-16,1,65.2,1018.6,7.5,500.0
2014-06-17,2,62.5,1019.0,8.2,353.0
2014-06-18,3,71.6,1010.8,10.1,529.0
2014-06-19,4,67.3,1013.6,6.5,524.0
2014-06-20,5,64.6,1013.2,6.0,166.0
2014-06-21,6,59.9,1013.9,5.1,449.0
2014-06-22,0,63.2,1014.6,6.0,294.0
2014-06-23,1,62.1,1019.7,4.1,506.0
2014-06-24,2,60.0,1022.0,5.3,520.0
2014-06-25,3,66.8,1017.0,8.3,514.0
2014-06-26,4,66.7,1011.7,10.2,534.0
2014-06-27,5,63.9,1018.0,13.6,523.0
2014-06-28,6,62.2,1024.1,4.8,497.0
2014-06-29,0,64.7,1024.0,5.0,318.0
2014-06-30,1,67.3,1019.0,8.0,488.0
2014-07-01,2,68.6,1014.4,9.1,183.0
2014-07-02,3,69.0,1014.4,10.2,519.0
2014-07-03,4,69.1,1015.3,8.5,295.0
2014-07-04,5,69.9,1012.5,9.8,0.0
2014-07-05,6,67.0,1012.9,21.2,398.0
2014-07-06,0,68.2,1016.4,14.1,258.0
2014-07-07,1,68.6,1012.8,13.9,421.0
2014-07-08,2,69.5,1010.5,11.8,480.0
2014-07-09,3,69.4,1012.5,12.3,443.0
2014-07-10,4,69.4,1017.9,6.1,469.0
2014-07-11,5,69.1,1021.9,4.3,505.0
2014-07-12,6,65.7,1023.4,4.4,375.0
2014-07-13,0,68.7,1020.0,9.7,261.0
2014-07-14,1,69.7,1014.5,12.0,445.0
2014-07-15,2,71.4,1011.6,13.1,477.0
2014-07-16,3,70.4,1010.6,13.7,436.0
2014-07-17,4,70.4,1013.3,4.5,330.0
2014-07-18,5,69.6,1020.7,5.0,497.0
2014-07-19,6,65.0,1024.2,5.0,341.0
2014-07-20,0,65.2,1021.3,10.0,276.0
2014-07-21,1,65.9,1020.4,12.8,441.0
2014-07-22,2,67.1,1020.4,5.4,324.0
2014-07-23,3,69.2,1015.0,9.9,464.0
2014-07-24,4,69.6,1009.5,8.5,432.0
2014-07-25,5,67.4,1013.4,5.9,442.0
2014-07-26,6,66.9,1015.8,6.9,426.0
2014-07-27,0,68.6,1011.4,7.6,387.0
2014-07-28,1,69.4,1003.0,10.0,480.0
2014-07-29,2,68.9,1007.7,10.5,434.0
2014-07-30,3,67.3,1015.5,5.5,333.0
2014-07-31,4,67.7,1019.8,6.3,353.0
2014-08-01,5,67.5,1023.5,5.3,209.0
2014-08-02,6,64.3,1022.8,6.5,417.0
2014-08-03,0,66.4,1019.1,5.1,276.0
2014-08-04,1,68.2,1017.7,5.2,456.0
2014-08-05,2,69.2,1016.2,6.6,483.0
2014-08-06,3,70.1,1010.1,4.3,440.0
2014-08-07,4,69.3,1011.1,6.3,460.0
2014-08-08,5,66.3,1014.9,7.4,486.0
2014-08-09,6,70.4,1017.2,6.4,428.0
2014-08-10,0,69.1,1019.2,4.6,365.0
2014-08-11,1,66.3,1021.1,3.6,327.0
2014-08-12,2,67.2,1020.2,7.8,346.0
2014-08-13,3,66.6,1013.0,15.5,473.0
2014-08-14,4,67.8,1008.1,9.7,441.0
2014-08-15,5,66.8,1012.2,8.8,408.0
2014-08-16,6,66.3,1015.3,8.2,388.0
2014-08-17,0,68.3,1011.1,6.8,346.0
2014-08-18,1,67.9,1009.6,7.8,491.0
2014-08-19,2,63.9,1012.6,4.1,420.0
2014-08-20,3,63.8,1015.5,6.0,444.0
2014-08-21,4,67.1,1017.5,7.7,440.0
2014-08-22,5,63.9,1017.7,7.9,458.0
2014-08-23,6,65.6,1017.9,10.8,164.0
2014-08-24,0,63.9,1019.4,9.0,155.0
2014-08-25,1,63.3,1020.5,3.8,435.0
2014-08-26,2,63.0,1021.1,3.5,269.0
2014-08-27,3,67.5,1016.3,7.3,420.0
2014-08-28,4,71.0,1009.4,8.8,324.0
2014-08-29,5,67.2,1018.9,10.8,167.0
2014-08-30,6,60.1,1025.5,6.3,430.0
2014-08-31,0,69.1,1020.7,9.0,306.0
2014-09-01,1,71.5,1015.6,9.3,134.0
2014-09-02,2,71.1,1013.1,6.8,342.0
2014-09-03,3,74.0,1012.3,9.7,457.0
2014-09-04,4,69.4,1020.5,5.2,208.0
2014-09-05,5,70.3,1021.3,7.5,514.0
2014-09-06,6,72.0,1014.3,10.7,448.0
2014-09-07,0,70.1,1015.8,11.0,167.0
2014-09-08,1,63.6,1025.3,7.8,498.0
2014-09-09,2,64.6,1025.0,10.9,478.0
2014-09-10,3,66.2,1019.1,11.3,477.0
2014-09-11,4,64.4,1014.8,6.4,476.0
2014-09-12,5,67.1,1016.6,11.4,325.0
2014-09-13,6,59.9,1022.2,7.6,431.0
2014-09-14,0,62.2,1020.7,9.6,417.0
2014-09-15,1,57.5,1022.0,3.6,483.0
2014-09-16,2,61.2,1017.0,6.5,492.0
2014-09-17,3,61.9,1015.5,4.6,523.0
2014-09-18,4,61.1,1014.7,5.0,358.0
2014-09-19,5,57.2,1024.1,12.5,508.0
2014-09-20,6,57.0,1027.2,7.7,471.0
2014-09-21,0,66.1,1015.7,8.1,260.0
2014-09-22,1,67.9,1007.0,12.3,530.0
2014-09-23,2,59.0,1022.8,9.3,475.0
2014-09-24,3,58.9,1033.3,6.7,316.0
2014-09-25,4,59.7,1031.0,8.9,309.0
2014-09-26,5,63.1,1020.5,15.8,428.0
2014-09-27,6,63.5,1020.7,6.2,482.0
2014-09-28,0,63.3,1020.5,4.4,400.0
2014-09-29,1,65.9,1015.5,6.7,443.0
2014-09-30,2,63.3,1014.7,7.0,481.0
2014-10-01,3,62.4,1014.5,13.2,451.0
2014-10-02,4,59.9,1016.6,17.6,442.0
2014-10-03,5,58.5,1016.5,13.1,136.0
2014-10-04,6,59.4,1007.1,5.7,438.0
2014-10-05,0,59.6,1006.5,11.0,403.0
2014-10-06,1,55.7,1018.6,6.9,515.0
2014-10-07,2,63.0,1021.1,11.5,491.0
2014-10-08,3,65.2,1012.5,12.3,414.0
2014-10-09,4,60.8,1013.8,12.6,247.0
2014-10-10,5,59.0,1017.8,8.9,424.0
2014-10-11,6,52.9,1019.0,8.1,436.0
2014-10-12,0,53.3,1022.4,9.2,379.0
2014-10-13,1,50.9,1027.7,4.2,48.0
2014-10-14,2,63.2,1025.4,8.2,366.0
2014-10-15,3,64.9,1021.0,9.5,449.0
2014-10-16,4,65.0,1013.5,12.0,467.0
2014-10-17,5,63.2,1006.5,9.7,369.0
2014-10-18,6,62.7,1003.7,7.5,277.0
2014-10-19,0,56.0,1005.8,10.7,259.0
2014-10-20,1,49.0,1016.2,11.8,477.0
2014-10-21,2,57.7,1015.5,10.5,495.0
2014-10-22,3,57.0,1010.3,12.8,382.0
2014-10-23,4,59.5,1000.4,10.7,524.0
2014-10-24,5,54.3,1003.1,15.7,362.0
2014-10-25,6,54.7,1006.0,10.7,418.0
2014-10-26,0,57.6,999.7,13.1,312.0
2014-10-27,1,54.1,1010.0,12.0,505.0
2014-10-28,2,54.3,1017.5,6.1,459.0
2014-10-29,3,61.9,1013.1,9.8,446.0
2014-10-30,4,56.1,1012.9,8.9,364.0
2014-10-31,5,51.3,1014.8,7.9,549.0
2014-11-01,6,53.0,1009.0,18.8,308.0
2014-11-02,0,43.5,1001.3,32.8,433.0
2014-11-03,1,44.6,1012.6,18.9,488.0
2014-11-04,2,52.7,1019.4,6.9,364.0
2014-11-05,3,57.7,1018.3,11.1,439.0
2014-11-06,4,53.6,1015.8,5.6,527.0
2014-11-07,5,52.5,999.0,11.7,522.0
2014-11-08,6,43.9,1012.0,13.9,442.0
2014-11-09,0,53.2,1014.0,9.1,303.0
2014-11-10,1,48.2,1019.2,4.0,448.0
2014-11-11,2,51.0,1020.7,8.2,389.0
2014-11-12,3,56.5,1012.9,5.2,443.0
2014-11-13,4,49.8,1015.5,8.4,398.0
2014-11-14,5,43.7,1012.3,11.1,518.0
2014-11-15,6,37.0,1021.7,10.7,420.0
2014-11-16,0,38.1,1027.1,5.6,356.0
2014-11-17,1,52.1,1014.6,9.5,543.0
2014-11-18,2,48.9,1004.5,17.1,489.0
2014-11-19,3,33.6,1018.3,14.4,503.0
2014-11-20,4,45.7,1014.0,16.1,513.0
2014-11-21,5,36.8,1017.4,15.8,550.0
2014-11-22,6,37.1,1028.3,15.9,398.0
2014-11-23,0,52.6,1021.4,18.3,226.0
2014-11-24,1,54.8,1014.5,15.5,206.0
2014-11-25,2,56.7,1014.0,11.2,471.0
2014-11-26,3,48.0,1018.0,11.9,210.0
2014-11-27,4,41.8,1008.0,13.8,137.0
2014-11-28,5,37.0,1015.6,12.6,263.0
2014-11-29,6,30.9,1025.3,6.6,152.0
2014-11-30,0,46.1,1024.0,9.8,112.0
2014-12-01,1,53.2,1019.8,9.8,507.0
2014-12-02,2,42.5,1033.2,14.9,481.0
2014-12-03,3,51.2,1022.8,14.5,447.0
2014-12-04,4,43.1,1025.4,11.5,465.0
2014-12-05,5,39.3,1034.8,9.3,375.0
2014-12-06,6,48.9,1026.7,9.8,498.0
2014-12-07,0,41.9,1027.0,25.0,392.0
2014-12-08,1,35.4,1035.8,19.6,460.0
2014-12-09,2,48.7,1019.3,19.6,544.0
2014-12-10,3,47.9,999.6,8.6,445.0
2014-12-11,4,40.8,1003.0,19.3,552.0
2014-12-12,5,37.0,1010.7,8.2,392.0
2014-12-13,6,36.9,1009.8,9.8,476.0
2014-12-14,0,39.0,1008.6,10.9,357.0
2014-12-15,1,37.8,1014.5,5.8,204.0
2014-12-16,2,44.0,1019.7,4.2,519.0
2014-12-17,3,48.6,1009.7,8.8,447.0
2014-12-18,4,42.4,1008.0,14.1,499.0
2014-12-19,5,37.3,1012.9,9.6,531.0
2014-12-20,6,38.2,1020.7,8.3,409.0
2014-12-21,0,41.4,1024.2,7.1,343.0
2014-12-22,1,42.9,1026.3,7.5,457.0
2014-12-23,2,47.4,1022.0,11.1,147.0
2014-12-24,3,50.7,1015.7,10.2,427.0
2014-12-25,4,53.1,1005.9,15.1,36.0
2014-12-26,5,44.8,1018.9,10.4,339.0
2014-12-27,6,43.7,1021.8,7.4,337.0
2014-12-28,0,47.0,1014.0,10.7,0.0
2014-12-29,1,41.2,1017.9,8.4,299.0
2014-12-30,2,32.1,1024.3,11.9,383.0
2014-12-31,3,26.9,1025.3,7.5,379.0
2015-01-01,4,31.8,1018.6,13.6,209.0
2015-01-02,5,40.4,1018.3,13.1,367.0
2015-01-03,6,34.5,1033.9,11.1,379.0
2015-01-04,0,48.6,1015.4,15.5,227.0
2015-01-05,1,44.0,1012.9,16.3,394.0
2015-01-06,2,20.8,1025.2,10.3,203.0
2015-01-07,3,22.6,1011.8,12.1,432.0
2015-01-08,4,13.1,1022.7,14.8,478.0
2015-01-09,5,35.2,1018.1,21.0,361.0
2015-01-10,6,26.9,1025.0,10.2,396.0
2015-01-11,0,27.1,1035.5,8.8,251.0
2015-01-12,1,40.9,1028.3,6.3,472.0
2015-01-13,2,32.6,1028.5,16.3,505.0
2015-01-14,3,32.1,1031.2,9.6,406.0
2015-01-15,4,35.8,1015.5,14.1,454.0
2015-01-16,5,34.5,1008.6,14.9,458.0
2015-01-17,6,20.2,1023.6,13.3,392.0
2015-01-18,0,40.0,1021.4,13.4,99.0
2015-01-19,1,41.7,1005.0,13.5,334.0
2015-01-20,2,35.7,1009.5,13.1,392.0
2015-01-21,3,32.3,1018.1,7.9,416.0
2015-01-22,4,35.5,1021.0,8.4,417.0
2015-01-23,5,31.6,1022.8,10.4,344.0
2015-01-24,6,38.5,1003.3,12.4,353.0
2015-01-25,0,36.5,1000.4,16.0,333.0
2015-01-26,1,31.2,1015.7,12.7,401.0
2015-01-27,2,30.2,993.7,39.3,0.0
2015-01-28,3,21.6,1009.6,16.6,377.0
2015-01-29,4,29.2,1022.9,8.5,411.0
2015-01-30,5,35.1,1012.2,8.1,503.0
2015-01-31,6,24.5,1006.9,20.3,427.0
2015-02-01,0,24.8,1018.4,16.8,295.0
2015-02-02,1,33.1,1014.4,12.8,144.0
2015-02-03,2,21.0,1016.9,17.6,349.0
2015-02-04,3,28.1,1024.9,7.6,478.0
2015-02-05,4,34.1,1012.6,12.9,394.0
2015-02-06,5,16.8,1018.5,15.8,386.0
2015-02-07,6,27.4,1019.2,10.3,369.0
2015-02-08,0,34.5,1015.9,6.0,325.0
2015-02-09,1,37.1,1014.1,14.9,455.0
2015-02-10,2,36.4,1013.9,21.1,460.0
2015-02-11,3,32.6,1014.0,23.9,411.0
2015-02-12,4,31.0,1009.5,9.5,435.0
2015-02-13,5,21.8,1010.9,16.2,411.0
2015-02-14,6,20.6,1016.8,8.4,351.0
2015-02-15,0,25.7,996.7,19.6,364.0
2015-02-16,1,10.7,1010.9,22.7,328.0
2015-02-17,2,21.7,1014.9,7.7,491.0
2015-02-18,3,30.6,1010.4,8.8,502.0
2015-02-19,4,27.0,1003.6,11.0,414.0
2015-02-20,5,14.1,1013.5,18.8,357.0
2015-02-21,6,21.9,1031.6,8.5,425.0
2015-02-22,0,36.0,1021.6,7.7,428.0
2015-02-23,1,29.4,1020.2,8.9,440.0
2015-02-24,2,14.3,1024.1,11.9,318.0
2015-02-25,3,29.9,1009.4,12.4,0.0
2015-02-26,4,28.0,1014.9,12.0,0.0
2015-02-27,5,24.2,1023.7,9.3,364.0
2015-02-28,6,22.2,1037.3,7.2,444.0
2015-03-01,0,23.1,1037.5,5.1,548.0
2015-03-02,1,33.4,1016.1,10.9,533.0
2015-03-03,2,27.0,1026.1,10.8,541.0
2015-03-04,3,36.1,1009.2,14.8,501.0
2015-03-05,4,32.7,1014.8,10.0,121.0
2015-03-06,5,22.7,1028.3,11.7,0.0
2015-03-07,6,25.0,1023.3,10.9,344.0
2015-03-08,0,33.8,1016.9,8.0,180.0
2015-03-09,1,35.6,1020.1,9.5,547.0
2015-03-10,2,36.5,1025.5,6.0,468.0
2015-03-11,3,42.1,1012.8,12.3,469.0
2015-03-12,4,38.1,1020.9,14.1,469.0
2015-03-13,5,31.1,1034.5,12.3,499.0
2015-03-14,6,38.7,1025.1,10.8,321.0
2015-03-15,0,38.5,1002.5,12.3,277.0
2015-03-16,1,32.9,1011.1,17.1,388.0
2015-03-17,2,38.6,1003.7,10.1,424.0
2015-03-18,3,31.0,1009.0,21.1,437.0
2015-03-19,4,27.6,1020.8,18.3,468.0
2015-03-20,5,30.3,1027.2,6.3,472.0
2015-03-21,6,34.2,1016.6,8.5,311.0
2015-03-22,0,35.1,1011.9,15.7,100.0
2015-03-23,1,27.2,1019.5,14.9,478.0
2015-03-24,2,31.4,1024.7,6.7,482.0
2015-03-25,3,33.6,1028.8,6.7,451.0
2015-03-26,4,42.6,1016.9,12.8,428.0
2015-03-27,5,42.4,1004.3,13.1,426.0
2015-03-28,6,37.4,1005.4,12.7,372.0
2015-03-29,0,34.9,1019.2,10.6,405.0
2015-03-30,1,36.8,1014.8,11.0,450.0
2015-03-31,2,39.4,1008.0,13.6,498.0
2015-04-01,3,37.9,1012.3,11.5,504.0
2015-04-02,4,37.1,1022.3,7.0,358.0
2015-04-03,5,45.0,1012.8,14.6,339.0
2015-04-04,6,47.3,1004.1,13.7,416.0
2015-04-05,0,41.6,1020.4,12.5,159.0
2015-04-06,1,43.2,1026.3,6.8,424.0
2015-04-07,2,44.2,1024.0,9.3,378.0
2015-04-08,3,41.2,1028.3,14.8,297.0
2015-04-09,4,39.4,1024.6,18.7,337.0
2015-04-10,5,43.9,1015.2,9.4,291.0
2015-04-11,6,47.8,1010.9,12.4,458.0
2015-04-12,0,45.0,1022.8,10.1,279.0
2015-04-13,1,45.0,1027.8,9.1,466.0
2015-04-14,2,49.8,1021.3,10.2,443.0
2015-04-15,3,50.6,1019.2,6.9,486.0
2015-04-16,4,46.4,1029.7,8.6,452.0
2015-04-17,5,47.5,1021.5,12.5,317.0
2015-04-18,6,51.9,1012.7,7.7,408.0
2015-04-19,0,46.3,1022.0,11.0,379.0
2015-04-20,1,45.2,1019.6,16.2,510.0
2015-04-21,2,51.5,1004.0,14.3,346.0
2015-04-22,3,49.8,1007.9,8.6,445.0
2015-04-23,4,46.9,1003.6,13.4,490.0
2015-04-24,5,44.0,1006.0,14.6,226.0
2015-04-25,6,43.7,1007.6,12.9,473.0
2015-04-26,0,46.1,1004.6,7.4,288.0
2015-04-27,1,49.0,1001.5,8.9,473.0
2015-04-28,2,46.0,1004.1,15.7,482.0
2015-04-29,3,49.3,1004.5,7.8,384.0
2015-04-30,4,48.1,1009.8,7.8,374.0
2015-05-01,5,43.8,1014.2,13.3,531.0
2015-05-02,6,44.4,1015.4,9.6,413.0
2015-05-03,0,44.5,1019.0,5.3,333.0
2015-05-04,1,52.2,1023.4,8.8,512.0
2015-05-05,2,57.1,1022.4,11.0,501.0
2015-05-06,3,55.3,1023.9,6.8,423.0
2015-05-07,4,55.9,1022.4,7.2,542.0
2015-05-08,5,52.4,1021.8,8.8,383.0
2015-05-09,6,54.3,1026.1,6.4,432.0
2015-05-10,0,57.0,1023.5,8.3,455.0
2015-05-11,1,57.9,1020.7,11.1,528.0
2015-05-12,2,58.3,1012.5,11.3,544.0
2015-05-13,3,59.5,1012.4,12.2,534.0
2015-05-14,4,54.0,1025.2,6.9,530.0
2015-05-15,5,54.4,1025.7,9.7,394.0
2015-05-16,6,55.5,1023.7,7.5,357.0
2015-05-17,0,63.1,1020.3,9.1,437.0
2015-05-18,1,53.9,1023.2,9.4,471.0
2015-05-19,2,51.4,1015.7,8.6,477.0
2015-05-20,3,58.8,1007.7,11.2,532.0
2015-05-21,4,54.8,1014.1,7.7,491.0
2015-05-22,5,53.8,1011.7,9.2,313.0
2015-05-23,6,54.8,1023.4,15.0,433.0
2015-05-24,0,56.5,1026.6,15.5,118.0
2015-05-25,1,58.9,1025.6,11.4,118.0
2015-05-26,2,61.1,1024.1,14.4,555.0
2015-05-27,3,62.4,1023.8,13.4,559.0
2015-05-28,4,62.4,1023.0,11.7,549.0
2015-05-29,5,65.4,1024.6,5.7,151.0
2015-05-30,6,63.3,1023.5,8.5,451.0
2015-05-31,0,64.7,1019.8,11.2,332.0
2015-06-01,1,55.9,1021.5,12.7,389.0
2015-06-02,2,53.4,1019.5,13.7,527.0
2015-06-03,3,53.0,1022.7,13.9,381.0
2015-06-04,4,52.2,1025.5,7.9,459.0
2015-06-05,5,53.1,1021.2,7.3,549.0
2015-06-06,6,58.0,1012.6,11.5,484.0
2015-06-07,0,59.5,1020.5,7.7,439.0
2015-06-08,1,59.6,1018.6,10.6,509.0
2015-06-09,2,64.0,1010.5,14.2,521.0
2015-06-10,3,65.2,1010.9,8.8,540.0
2015-06-11,4,64.6,1012.3,11.8,351.0
2015-06-12,5,67.0,1014.4,6.8,121.0
2015-06-13,6,68.0,1012.6,10.9,0.0
2015-06-14,0,66.9,1017.2,8.9,458.0
2015-06-15,1,57.8,1019.2,9.9,334.0
2015-06-16,2,64.2,1012.8,7.1,483.0
2015-06-17,3,64.8,1017.3,14.5,576.0
2015-06-18,4,59.1,1019.3,3.9,497.0
2015-06-19,5,65.6,1013.2,7.4,587.0
2015-06-20,6,62.0,1018.8,9.0,303.0
2015-06-21,0,64.9,1014.6,11.3,304.0
2015-06-22,1,67.1,1012.0,6.2,320.0
2015-06-23,2,65.5,1013.9,10.2,552.0
2015-06-24,3,70.8,1011.9,9.4,534.0
2015-06-25,4,68.7,1015.5,7.4,547.0
2015-06-26,5,66.0,1014.8,7.9,446.0
2015-06-27,6,61.5,1020.4,8.4,490.0
2015-06-28,0,64.4,1010.4,13.0,430.0
2015-06-29,1,64.3,1010.8,9.7,528.0
2015-06-30,2,67.1,1015.7,7.1,505.0
2015-07-01,3,65.5,1011.8,10.4,406.0
2015-07-02,4,68.7,1011.7,7.0,464.0
2015-07-03,5,68.3,1013.2,5.8,434.0
2015-07-04,6,62.9,1015.2,6.2,0.0
2015-07-05,0,65.8,1017.5,8.2,305.0
2015-07-06,1,69.2,1021.3,8.2,484.0
2015-07-07,2,68.1,1019.7,8.2,528.0
2015-07-08,3,70.6,1014.3,9.8,502.0
2015-07-09,4,69.1,1014.2,9.8,461.0
2015-07-10,5,65.2,1011.8,7.9,577.0
2015-07-11,6,71.8,1015.9,8.4,462.0
2015-07-12,0,71.5,1016.1,9.3,372.0
2015-07-13,1,70.9,1013.8,5.3,542.0
2015-07-14,2,67.4,1008.6,9.2,446.0
2015-07-15,3,72.3,1004.1,4.5,501.0
2015-07-16,4,67.3,1013.9,16.6,540.0
2015-07-17,5,64.9,1019.1,6.0,531.0
2015-07-18,6,67.8,1017.0,9.7,466.0
2015-07-19,0,71.4,1011.9,9.0,442.0
2015-07-20,1,73.4,1005.9,9.3,223.0
2015-07-21,2,72.6,1003.7,5.4,499.0
2015-07-22,3,73.7,1003.6,9.2,513.0
2015-07-23,4,71.9,1010.4,8.3,514.0
2015-07-24,5,71.7,1012.2,7.5,402.0
2015-07-25,6,68.5,1015.0,4.4,142.0
2015-07-26,0,65.8,1017.5,8.5,433.0
2015-07-27,1,71.1,1017.3,8.3,508.0
2015-07-28,2,72.4,1016.2,7.2,531.0
2015-07-29,3,76.0,1014.2,6.8,502.0
2015-07-30,4,74.2,1012.2,9.7,383.0
2015-07-31,5,76.7,1009.5,8.5,159.0
2015-08-01,6,73.4,1008.9,9.2,373.0
2015-08-02,0,75.9,1011.7,7.8,445.0
2015-08-03,1,74.0,1012.1,8.9,458.0
2015-08-04,2,75.0,1011.3,10.4,532.0
2015-08-05,3,74.5,1011.2,7.8,177.0
2015-08-06,4,73.5,1012.4,9.3,515.0
2015-08-07,5,71.2,1013.1,7.4,338.0
2015-08-08,6,69.7,1013.8,11.8,422.0
2015-08-09,0,67.0,1014.6,13.1,298.0
2015-08-10,1,66.9,1017.6,6.6,503.0
2015-08-11,2,67.9,1015.0,12.0,494.0
2015-08-12,3,71.9,1008.9,7.9,509.0
2015-08-13,4,71.1,1014.7,5.2,588.0
2015-08-14,5,70.4,1020.3,4.8,224.0
2015-08-15,6,71.8,1020.0,6.7,461.0
2015-08-16,0,74.3,1019.1,8.5,431.0
2015-08-17,1,74.1,1018.5,8.0,480.0
2015-08-18,2,74.5,1017.7,8.8,512.0
2015-08-19,3,73.9,1018.9,5.4,488.0
2015-08-20,4,73.4,1018.9,9.7,491.0
2015-08-21,5,73.6,1017.0,9.7,398.0
2015-08-22,6,73.9,1017.2,6.0,468.0
2015-08-23,0,73.4,1015.3,7.6,200.0
2015-08-24,1,71.7,1013.1,5.4,489.0
2015-08-25,2,72.8,1012.4,7.4,432.0
2015-08-26,3,73.8,1012.5,7.4,355.0
2015-08-27,4,72.3,1014.9,8.5,495.0
2015-08-28,5,71.4,1019.4,6.6,417.0
2015-08-29,6,70.3,1021.8,7.0,328.0
2015-08-30,0,72.6,1018.9,8.5,457.0
2015-08-31,1,74.8,1015.3,11.2,496.0
2015-09-01,2,74.6,1015.8,8.3,517.0
2015-09-02,3,66.0,1017.1,5.3,514.0
2015-09-03,4,74.5,1011.5,6.0,541.0
2015-09-04,5,70.6,1019.1,12.0,515.0
2015-09-05,6,66.8,1024.6,9.3,365.0
2015-09-06,0,66.6,1023.5,4.7,327.0
2015-09-07,1,73.0,1019.0,11.9,241.0
2015-09-08,2,76.4,1015.8,13.5,380.0
2015-09-09,3,75.8,1013.9,10.3,419.0
2015-09-10,4,73.8,1011.3,5.6,581.0
2015-09-11,5,68.6,1005.8,12.6,325.0
2015-09-12,6,67.7,1011.0,8.8,458.0
2015-09-13,0,68.2,1008.0,8.4,395.0
2015-09-14,1,67.6,1013.1,14.5,475.0
2015-09-15,2,70.8,1022.7,10.1,474.0
2015-09-16,3,72.8,1024.8,6.2,240.0
2015-09-17,4,69.3,1020.7,5.9,588.0
2015-09-18,5,70.1,1017.8,6.4,405.0
2015-09-19,6,70.4,1015.3,5.2,541.0
2015-09-20,0,70.7,1014.1,8.9,452.0
2015-09-21,1,63.9,1020.3,17.3,511.0
2015-09-22,2,63.5,1024.6,10.4,467.0
2015-09-23,3,62.4,1023.3,9.8,156.0
2015-09-24,4,61.5,1024.2,9.2,502.0
2015-09-25,5,61.2,1027.9,10.3,469.0
2015-09-26,6,59.4,1030.1,11.4,463.0
2015-09-27,0,59.4,1031.1,7.0,358.0
2015-09-28,1,66.8,1025.3,6.7,489.0
2015-09-29,2,69.3,1020.1,7.8,348.0
2015-09-30,3,70.5,1012.7,15.5,492.0
2015-10-01,4,59.7,1015.2,21.4,555.0
2015-10-02,5,56.0,1020.6,22.5,246.0
2015-10-03,6,55.5,1026.0,22.1,451.0
2015-10-04,0,56.2,1026.5,19.2,389.0
2015-10-05,1,58.6,1020.4,17.1,484.0
2015-10-06,2,59.4,1015.3,10.5,506.0
2015-10-07,3,57.0,1014.1,5.4,548.0
2015-10-08,4,59.8,1018.1,8.2,562.0
2015-10-09,5,58.9,1016.3,10.9,588.0
2015-10-10,6,59.2,1016.0,13.1,441.0
2015-10-11,0,56.0,1015.6,8.1,454.0
2015-10-12,1,60.2,1011.2,7.6,264.0
2015-10-13,2,64.4,1003.5,8.3,570.0
2015-10-14,3,63.8,1004.5,11.2,531.0
2015-10-15,4,57.1,1012.2,10.4,551.0
2015-10-16,5,60.1,1013.5,11.7,556.0
2015-10-17,6,52.7,1015.4,8.2,459.0
2015-10-18,0,46.1,1020.6,13.7,454.0
2015-10-19,1,42.8,1027.3,12.6,538.0
2015-10-20,2,58.2,1022.8,21.3,392.0
2015-10-21,3,62.7,1024.6,8.7,585.0
2015-10-22,4,60.5,1022.9,9.7,544.0
2015-10-23,5,56.2,1019.2,15.4,430.0
2015-10-24,6,51.5,1027.1,9.4,187.0
2015-10-25,0,57.0,1020.6,6.9,424.0
2015-10-26,1,52.3,1026.0,12.9,504.0
2015-10-27,2,46.7,1034.1,5.9,513.0
2015-10-28,3,53.8,1030.4,13.2,547.0
2015-10-29,4,63.2,1005.5,17.6,226.0
2015-10-30,5,57.4,1008.2,11.1,548.0
2015-10-31,6,48.9,1020.4,5.7,0.0
2015-11-01,0,57.0,1016.1,8.7,94.0
2015-11-02,1,58.3,1016.1,7.8,497.0
2015-11-03,2,54.4,1020.7,6.4,536.0
2015-11-04,3,57.0,1026.2,7.4,458.0
2015-11-05,4,58.9,1025.8,7.6,548.0
2015-11-06,5,62.3,1020.6,11.3,491.0
2015-11-07,6,61.4,1013.4,10.9,406.0
2015-11-08,0,53.2,1021.8,11.0,351.0
2015-11-09,1,51.4,1029.7,7.9,508.0
2015-11-10,2,55.8,1023.4,7.9,606.0
2015-11-11,3,56.1,1005.8,20.5,434.0
2015-11-12,4,52.5,1011.3,11.5,525.0
2015-11-13,5,58.3,1000.3,16.9,565.0
2015-11-14,6,49.0,1009.4,18.7,495.0
2015-11-15,0,47.6,1020.3,14.3,397.0
2015-11-16,1,54.0,1020.4,8.3,494.0
2015-11-17,2,45.3,1030.8,11.9,562.0
2015-11-18,3,42.9,1034.9,3.2,505.0
2015-11-19,4,50.4,1028.9,11.8,80.0
2015-11-20,5,57.0,1017.7,13.6,0.0
2015-11-21,6,48.8,1021.5,14.3,476.0
2015-11-22,0,50.1,1015.0,6.6,260.0
2015-11-23,1,45.2,1010.0,17.4,577.0
2015-11-24,2,37.5,1024.6,11.7,573.0
2015-11-25,3,39.6,1038.6,4.3,569.0
2015-11-26,4,50.1,1044.2,10.8,54.0
2015-11-27,5,52.6,1034.2,7.5,387.0
2015-11-28,6,54.5,1021.1,9.4,396.0
2015-11-29,0,46.1,1022.1,9.4,372.0
2015-11-30,1,40.5,1029.5,11.3,498.0
2015-12-01,2,40.1,1027.0,7.9,585.0
2015-12-02,3,53.6,1012.2,9.1,437.0
2015-12-03,4,53.5,1005.8,13.0,502.0
2015-12-04,5,45.6,1024.3,10.9,377.0
2015-12-05,6,45.6,1035.5,6.1,521.0
2015-12-06,0,45.4,1032.5,6.2,376.0
2015-12-07,1,50.8,1020.7,9.2,524.0
2015-12-08,2,47.4,1016.7,11.3,492.0
2015-12-09,3,43.7,1021.0,8.7,467.0
2015-12-10,4,51.1,1017.5,9.3,522.0
2015-12-11,5,52.2,1014.0,5.8,565.0
2015-12-12,6,55.0,1017.8,9.8,447.0
2015-12-13,0,53.6,1021.0,7.5,439.0
2015-12-14,1,52.6,1016.4,7.9,493.0
2015-12-15,2,58.0,998.4,15.0,241.0
2015-12-16,3,46.5,1015.3,12.3,561.0
2015-12-17,4,48.9,1019.4,9.7,582.0
2015-12-18,5,54.2,1002.9,11.3,342.0
2015-12-19,6,42.1,1014.0,16.7,491.0
2015-12-20,0,38.5,1028.4,14.0,352.0
2015-12-21,1,49.5,1025.2,14.3,494.0
2015-12-22,2,54.8,1018.3,11.3,541.0
2015-12-23,3,53.5,1022.8,8.3,226.0
2015-12-24,4,57.7,1017.5,15.6,480.0
2015-12-25,5,56.1,1021.2,4.4,0.0
2015-12-26,6,51.4,1032.0,11.3,159.0
2015-12-27,0,52.9,1013.0,13.1,434.0
2015-12-28,1,40.9,1030.6,18.5,396.0
2015-12-29,2,42.8,1020.0,15.6,436.0
2015-12-30,3,44.8,1026.3,8.8,298.0
2015-12-31,4,46.5,,11.0,418.0
2016-01-01,5,41.2,1015.1,10.2,193.0
2016-01-02,6,37.7,1014.3,12.5,306.0
2016-01-03,0,44.4,1010.4,15.5,244.0
2016-01-04,1,38.2,1011.5,13.5,478.0
2016-01-05,2,27.7,1028.5,20.3,335.0
2016-01-06,3,33.5,1033.1,8.3,514.0
2016-01-07,4,40.5,1026.9,6.8,443.0
2016-01-08,5,41.3,1022.3,11.8,432.0
2016-01-09,6,45.9,1022.7,9.3,450.0
2016-01-10,0,51.3,1012.0,16.2,369.0
2016-01-11,1,43.2,1005.5,17.5,364.0
2016-01-12,2,33.0,1015.4,7.9,513.0
2016-01-13,3,32.9,1005.8,18.0,498.0
2016-01-14,4,28.9,1013.1,11.4,489.0
2016-01-15,5,36.5,1014.8,7.2,396.0
2016-01-16,6,45.7,999.0,15.7,449.0
2016-01-17,0,40.2,1007.3,7.7,143.0
2016-01-18,1,34.4,1002.2,15.3,385.0
2016-01-19,2,25.5,1007.1,21.7,540.0
2016-01-20,3,29.4,1014.4,18.9,504.0
2016-01-21,4,30.9,1015.8,14.5,404.0
2016-01-22,5,28.0,1020.4,13.1,554.0
2016-01-23,6,34.6,1014.3,17.5,285.0
2016-01-24,0,34.5,1005.7,25.6,356.0
2016-01-25,1,33.5,1021.4,6.5,357.0
2016-01-26,2,42.2,1021.5,11.1,306.0
2016-01-27,3,43.0,1014.0,9.4,536.0
2016-01-28,4,35.0,1016.1,4.3,534.0
2016-01-29,5,41.3,999.4,5.9,530.0
2016-01-30,6,37.8,1011.0,11.6,463.0
2016-01-31,0,45.0,1014.8,12.5,427.0
2016-02-01,1,47.6,1009.6,11.8,201.0
2016-02-02,2,43.2,1021.5,6.5,212.0
2016-02-03,3,42.6,1025.6,11.9,482.0
2016-02-04,4,51.6,1015.2,13.0,488.0
2016-02-05,5,40.8,1012.4,17.9,491.0
2016-02-06,6,32.3,1026.1,12.1,448.0
2016-02-07,0,38.7,1022.3,6.7,346.0
2016-02-08,1,36.4,1009.0,25.8,402.0
2016-02-09,2,33.1,1003.6,11.5,471.0
2016-02-10,3,33.5,1002.2,4.2,438.0
2016-02-11,4,31.5,1005.7,11.2,518.0
2016-02-12,5,19.3,1019.2,14.0,511.0
2016-02-13,6,23.5,1011.5,12.2,382.0
2016-02-14,0,5.8,1024.1,16.3,84.0
2016-02-15,1,18.6,1034.4,6.0,0.0
2016-02-16,2,44.5,1018.9,18.5,425.0
2016-02-17,3,41.5,1011.9,12.0,444.0
2016-02-18,4,36.0,1023.3,12.5,471.0
2016-02-19,5,34.7,1031.3,10.7,435.0
2016-02-20,6,42.8,1018.4,12.5,450.0
2016-02-21,0,46.8,1010.7,11.2,394.0
2016-02-22,1,41.8,1017.1,9.2,484.0
2016-02-23,2,36.5,1028.2,9.9,346.0
2016-02-24,3,46.9,1020.0,12.7,365.0
2016-02-25,4,51.0,995.4,20.9,450.0
2016-02-26,5,40.2,1001.8,20.8,371.0
2016-02-27,6,30.7,1016.4,11.6,255.0
2016-02-28,0,42.8,1013.4,16.6,408.0
2016-02-29,1,47.8,1006.4,17.0,474.0
2016-03-01,2,43.2,1016.6,12.1,525.0
2016-03-02,3,45.7,1008.2,18.2,339.0
2016-03-03,4,29.9,1019.2,12.2,512.0
2016-03-04,5,33.9,1021.7,8.5,402.0
2016-03-05,6,34.8,1017.4,20.8,476.0
2016-03-06,0,33.2,1024.3,3.1,285.0
2016-03-07,1,36.8,1023.5,9.0,406.0
2016-03-08,2,44.4,1019.8,8.5,506.0
2016-03-09,3,46.4,1020.9,9.4,443.0
2016-03-10,4,49.6,1014.8,10.9,497.0
2016-03-11,5,46.8,1013.9,10.1,520.0
2016-03-12,6,41.2,1024.0,6.6,362.0
2016-03-13,0,50.1,1015.2,11.8,106.0
2016-03-14,1,43.8,1022.8,12.3,428.0
2016-03-15,2,48.3,1010.6,17.3,508.0
2016-03-16,3,45.2,1007.8,15.7,530.0
2016-03-17,4,45.4,1008.2,8.5,492.0
2016-03-18,5,47.0,1006.7,12.3,353.0
2016-03-19,6,40.0,1016.0,10.0,457.0
2016-03-20,0,37.2,1019.8,11.3,191.0
2016-03-21,1,37.4,1008.7,16.0,329.0
2016-03-22,2,40.8,1015.9,16.0,521.0
2016-03-23,3,48.6,1015.8,13.5,510.0
2016-03-24,4,45.1,1020.2,11.3,526.0
2016-03-25,5,50.8,1011.0,10.8,458.0
2016-03-26,6,44.8,1022.2,15.1,455.0
2016-03-27,0,40.0,1028.8,5.4,312.0
2016-03-28,1,45.1,1008.2,11.8,346.0
2016-03-29,2,48.6,1003.4,19.6,552.0
2016-03-30,3,43.4,1023.9,13.2,531.0
2016-03-31,4,51.0,1019.5,13.1,530.0
2016-04-01,5,54.8,1007.0,18.2,576.0
2016-04-02,6,50.4,1000.0,8.5,494.0
2016-04-03,0,41.7,1000.2,17.5,502.0
2016-04-04,1,36.5,1015.4,10.3,561.0
2016-04-05,2,35.1,1019.3,19.5,555.0
2016-04-06,3,37.0,1026.7,10.7,531.0
2016-04-07,4,50.9,1013.6,21.9,518.0
2016-04-08,5,49.7,1001.5,15.9,376.0
2016-04-09,6,41.8,1007.5,9.7,468.0
2016-04-10,0,40.6,1019.2,15.7,334.0
2016-04-11,1,47.8,1026.0,12.8,517.0
2016-04-12,2,52.5,1018.9,13.6,525.0
2016-04-13,3,46.7,1025.8,12.9,538.0
2016-04-14,4,44.0,1026.1,15.8,485.0
2016-04-15,5,46.4,1027.7,17.6,423.0
2016-04-16,6,44.3,1028.2,22.9,575.0
2016-04-17,0,45.8,1027.9,15.4,466.0
2016-04-18,1,49.5,1022.5,6.0,270.0
2016-04-19,2,46.9,1016.0,7.9,400.0
2016-04-20,3,47.3,1020.5,11.7,581.0
2016-04-21,4,49.6,1020.5,13.4,571.0
2016-04-22,5,55.4,1013.8,10.2,246.0
2016-04-23,6,53.4,1009.0,9.3,447.0
2016-04-24,0,49.1,1014.6,13.4,181.0
2016-04-25,1,48.4,1017.1,9.2,236.0
2016-04-26,2,46.8,1010.4,9.4,343.0
2016-04-27,3,45.0,1011.9,7.8,418.0
2016-04-28,4,47.7,1015.8,10.1,310.0
2016-04-29,5,46.1,1020.4,9.4,312.0
2016-04-30,6,47.3,1022.4,8.7,493.0
2016-05-01,0,45.2,1024.0,6.1,223.0
2016-05-02,1,51.3,1015.7,10.6,451.0
2016-05-03,2,48.2,1011.7,9.0,583.0
2016-05-04,3,47.3,1009.6,12.8,541.0
2016-05-05,4,45.5,1003.7,21.5,534.0
2016-05-06,5,48.5,1006.6,16.5,449.0
2016-05-07,6,52.5,1008.9,8.1,519.0
2016-05-08,0,48.5,1005.4,9.6,520.0
2016-05-09,1,54.0,1013.2,13.8,566.0
2016-05-10,2,51.9,1020.6,9.0,552.0
2016-05-11,3,55.6,1020.2,7.6,612.0
2016-05-12,4,55.2,1020.0,4.4,662.0
2016-05-13,5,55.5,1014.8,8.3,673.0
2016-05-14,6,59.4,1006.2,8.1,521.0
2016-05-15,0,55.7,1004.0,16.3,327.0
2016-05-16,1,50.8,1012.1,19.8,651.0
2016-05-17,2,55.0,1019.8,11.9,560.0
2016-05-18,3,55.5,1019.6,11.0,610.0
2016-05-19,4,53.9,1019.1,6.7,434.0
2016-05-20,5,56.4,1021.7,6.6,555.0
2016-05-21,6,55.7,1021.0,6.5,505.0
2016-05-22,0,56.3,1009.8,14.2,513.0
2016-05-23,1,59.4,1011.9,9.6,579.0
2016-05-24,2,54.6,1011.7,10.7,618.0
2016-05-25,3,57.9,1015.7,8.7,640.0
2016-05-26,4,65.7,1018.1,7.7,526.0
2016-05-27,5,60.0,1020.0,8.2,297.0
2016-05-28,6,62.5,1020.2,11.6,549.0
2016-05-29,0,64.6,1021.1,7.7,402.0
2016-05-30,1,62.4,1017.0,9.0,81.0
2016-05-31,2,62.8,1014.4,10.1,247.0
2016-06-01,3,64.0,1018.2,9.1,361.0
2016-06-02,4,55.7,1021.8,9.3,587.0
2016-06-03,5,58.4,1018.3,6.7,637.0
2016-06-04,6,60.2,1015.6,5.3,559.0
2016-06-05,0,58.4,1012.4,10.3,74.0
2016-06-06,1,62.9,1004.2,12.3,438.0
2016-06-07,2,61.2,1002.7,8.7,613.0
2016-06-08,3,61.7,998.6,12.6,276.0
2016-06-09,4,59.9,1003.8,16.7,549.0
2016-06-10,5,59.2,1011.3,10.6,347.0
2016-06-11,6,58.1,1014.9,9.6,478.0
2016-06-12,0,66.0,1001.7,12.5,345.0
2016-06-13,1,61.5,1004.4,13.3,385.0
2016-06-14,2,62.2,1008.3,12.9,550.0
2016-06-15,3,63.7,1011.7,8.9,583.0
2016-06-16,4,65.2,1009.1,6.6,558.0
2016-06-17,5,63.0,1012.4,7.4,601.0
2016-06-18,6,62.6,1021.7,7.3,550.0
2016-06-19,0,59.9,1027.6,9.8,279.0
2016-06-20,1,61.4,1022.8,8.6,601.0
2016-06-21,2,63.6,1010.5,12.2,541.0
2016-06-22,3,65.6,1009.3,7.9,598.0
2016-06-23,4,63.0,1012.3,7.0,534.0
2016-06-24,5,65.3,1015.9,7.8,621.0
2016-06-25,6,62.1,1021.7,8.0,543.0
2016-06-26,0,60.8,1023.3,5.7,454.0
2016-06-27,1,64.3,1020.6,9.3,552.0
2016-06-28,2,66.1,1017.2,8.1,466.0
2016-06-29,3,67.2,1012.9,7.5,528.0
2016-06-30,4,68.9,1014.4,6.4,466.0
2016-07-01,5,66.9,1017.1,8.7,605.0
2016-07-02,6,69.4,1011.9,11.8,457.0
2016-07-03,0,67.2,1017.1,9.6,0.0
2016-07-04,1,68.4,1017.2,11.7,209.0
2016-07-05,2,67.1,1009.7,9.2,519.0
2016-07-06,3,71.8,1009.9,6.5,553.0
2016-07-07,4,68.7,1010.4,5.9,498.0
2016-07-08,5,65.7,1009.2,10.0,495.0
2016-07-09,6,61.7,1011.6,10.8,417.0
2016-07-10,0,63.0,1010.6,7.7,91.0
2016-07-11,1,63.1,1016.8,4.9,484.0
2016-07-12,2,66.7,1019.1,7.3,533.0
2016-07-13,3,67.2,1019.3,9.2,506.0
2016-07-14,4,69.1,1016.0,10.9,570.0
2016-07-15,5,70.7,1011.3,9.6,349.0
2016-07-16,6,73.5,1015.4,6.4,495.0
2016-07-17,0,70.6,1019.1,6.6,467.0
2016-07-18,1,71.1,1018.1,10.1,579.0
2016-07-19,2,73.8,1015.8,10.1,571.0
2016-07-20,3,68.3,1020.9,6.9,553.0
2016-07-21,4,70.4,1020.2,7.4,593.0
2016-07-22,5,72.4,1014.3,13.5,234.0
2016-07-23,6,74.3,1008.6,12.0,516.0
2016-07-24,0,73.2,1012.8,8.7,474.0
2016-07-25,1,71.5,1014.0,8.7,576.0
2016-07-26,2,75.3,1009.6,12.1,566.0
2016-07-27,3,75.4,1012.4,7.0,441.0
2016-07-28,4,72.2,1013.1,7.2,429.0
2016-07-29,5,70.8,1011.1,5.8,483.0
2016-07-30,6,70.8,1015.0,5.3,427.0
2016-07-31,0,67.5,1018.4,6.8,467.0
2016-08-01,1,68.2,1018.3,9.2,507.0
2016-08-02,2,66.9,1018.6,8.4,545.0
2016-08-03,3,67.4,1020.7,7.7,525.0
2016-08-04,4,64.2,1021.4,4.6,439.0
2016-08-05,5,65.3,1017.2,5.0,514.0
2016-08-06,6,71.3,1009.4,10.7,408.0
2016-08-07,0,74.2,1009.0,9.9,382.0
2016-08-08,1,71.3,1015.4,6.3,559.0
2016-08-09,2,71.5,1021.5,6.6,594.0
2016-08-10,3,70.6,1023.2,8.6,539.0
2016-08-11,4,73.6,1018.5,11.1,591.0
2016-08-12,5,74.3,1012.8,12.3,479.0
2016-08-13,6,75.9,1012.7,9.2,549.0
2016-08-14,0,75.3,1013.5,9.9,247.0
2016-08-15,1,77.5,1017.9,8.5,577.0
2016-08-16,2,73.1,1022.3,7.9,590.0
2016-08-17,3,76.5,1014.4,14.7,590.0
2016-08-18,4,71.5,1015.5,6.1,580.0
2016-08-19,5,74.4,1013.3,8.2,629.0
2016-08-20,6,69.1,1015.2,8.5,386.0
2016-08-21,0,68.3,1014.5,9.0,124.0
2016-08-22,1,73.8,1011.0,10.4,591.0
2016-08-23,2,69.0,1023.1,10.4,581.0
2016-08-24,3,70.1,1024.3,8.5,563.0
2016-08-25,4,71.7,1020.5,10.4,594.0
2016-08-26,5,73.4,1016.1,10.1,100.0
2016-08-27,6,74.4,1020.3,8.3,564.0
2016-08-28,0,67.7,1024.1,5.8,511.0
2016-08-29,1,72.5,1019.0,9.5,419.0
2016-08-30,2,67.7,1020.0,6.1,571.0
2016-08-31,3,70.4,1016.0,9.1,600.0
2016-09-01,4,71.5,1011.2,6.8,605.0
2016-09-02,5,69.2,1015.1,9.9,515.0
2016-09-03,6,63.2,1022.0,5.7,348.0
2016-09-04,0,65.3,1022.0,12.7,356.0
2016-09-05,1,64.0,1017.8,23.8,0.0
2016-09-06,2,69.9,1014.3,15.2,569.0
2016-09-07,3,70.3,1016.3,13.1,592.0
2016-09-08,4,68.5,1012.0,9.0,649.0
2016-09-09,5,71.4,1011.2,10.3,655.0
2016-09-10,6,71.9,1016.5,7.0,554.0
2016-09-11,0,71.3,1015.3,11.9,357.0
2016-09-12,1,65.1,1021.9,7.9,583.0
2016-09-13,2,64.1,1023.0,8.9,471.0
2016-09-14,3,68.4,1018.3,12.4,288.0
2016-09-15,4,64.5,1022.0,14.4,686.0
2016-09-16,5,57.7,1026.5,6.4,705.0
2016-09-17,6,62.6,1024.5,6.0,585.0
2016-09-18,0,70.6,1019.6,11.1,427.0
2016-09-19,1,71.0,1018.7,8.1,616.0
2016-09-20,2,71.1,1019.3,5.6,555.0
2016-09-21,3,70.0,1020.2,6.4,557.0
2016-09-22,4,67.2,1020.9,3.7,595.0
2016-09-23,5,66.3,1016.5,5.8,704.0
2016-09-24,6,60.7,1017.5,12.7,554.0
2016-09-25,0,57.6,1018.8,10.8,512.0
2016-09-26,1,55.2,1021.6,5.3,559.0
2016-09-27,2,65.4,1015.4,11.0,591.0
2016-09-28,3,63.1,1018.8,11.3,585.0
2016-09-29,4,60.0,1027.1,17.8,578.0
2016-09-30,5,60.1,1028.7,15.6,0.0
2016-10-01,6,62.0,1021.1,14.0,539.0
2016-10-02,0,61.3,1017.8,9.0,288.0
2016-10-03,1,60.5,1016.2,4.4,237.0
2016-10-04,2,60.5,1023.5,12.4,348.0
2016-10-05,3,58.7,1026.1,12.9,633.0
2016-10-06,4,57.3,1025.6,5.8,680.0
2016-10-07,5,55.6,1025.3,2.7,549.0
2016-10-08,6,58.7,1020.5,7.7,537.0
2016-10-09,0,62.2,1013.8,13.8,310.0
2016-10-10,1,54.1,1016.8,24.8,503.0
2016-10-11,2,54.3,1029.0,10.1,664.0
2016-10-12,3,52.8,1028.3,5.2,403.0
2016-10-13,4,59.6,1020.1,7.3,445.0
2016-10-14,5,55.9,1022.4,14.2,703.0
2016-10-15,6,50.5,1029.1,6.2,598.0
2016-10-16,0,55.2,1023.1,9.3,315.0
2016-10-17,1,64.5,1013.4,10.0,533.0
2016-10-18,2,63.8,1014.1,6.8,544.0
2016-10-19,3,65.6,1013.9,11.2,605.0
2016-10-20,4,60.4,1021.3,10.5,599.0
2016-10-21,5,64.6,1010.7,12.9,0.0
2016-10-22,6,61.3,993.1,12.2,569.0
2016-10-23,0,53.7,1003.0,21.3,481.0
2016-10-24,1,57.5,1009.5,12.5,522.0
2016-10-25,2,49.1,1017.6,14.1,513.0
2016-10-26,3,44.7,1025.3,14.9,647.0
2016-10-27,4,46.5,1029.3,8.2,553.0
2016-10-28,5,51.8,1015.4,18.6,497.0
2016-10-29,6,51.0,1015.3,15.8,567.0
2016-10-30,0,61.1,1010.9,11.0,443.0
2016-10-31,1,48.3,1018.8,12.5,604.0
2016-11-01,2,46.2,1027.3,4.4,430.0
2016-11-02,3,55.9,1024.1,9.9,605.0
2016-11-03,4,58.8,1014.6,8.4,449.0
2016-11-04,5,53.6,1015.1,12.1,520.0
2016-11-05,6,47.8,1020.6,7.9,564.0
2016-11-06,0,49.9,1019.1,10.5,476.0
2016-11-07,1,47.4,1026.2,18.8,633.0
2016-11-08,2,47.2,1020.5,7.1,556.0
2016-11-09,3,51.6,1009.9,4.6,497.0
2016-11-10,4,49.4,1011.2,10.9,639.0
2016-11-11,5,54.9,1003.5,16.0,595.0
2016-11-12,6,42.1,1019.6,13.9,565.0
2016-11-13,0,51.3,1017.2,14.2,422.0
2016-11-14,1,54.4,1015.9,10.8,610.0
2016-11-15,2,54.8,1014.2,9.9,464.0
2016-11-16,3,54.4,1006.4,12.8,651.0
2016-11-17,4,48.6,1011.2,8.4,436.0
2016-11-18,5,50.9,1014.8,18.0,586.0
2016-11-19,6,50.1,1012.9,12.3,625.0
2016-11-20,0,47.0,996.0,14.4,489.0
2016-11-21,1,38.8,998.3,21.2,627.0
2016-11-22,2,37.7,1009.0,15.1,702.0
2016-11-23,3,37.1,1019.9,12.0,359.0
2016-11-24,4,42.2,1025.6,6.0,181.0
2016-11-25,5,48.6,1023.9,6.9,214.0
2016-11-26,6,47.0,1018.2,6.3,185.0
2016-11-27,0,43.4,1014.3,13.2,352.0
2016-11-28,1,39.5,1019.2,11.2,593.0
2016-11-29,2,43.8,1021.7,9.7,688.0
2016-11-30,3,52.9,1013.1,12.6,664.0
2016-12-01,4,53.4,1003.2,15.6,440.0
2016-12-02,5,46.4,1007.7,12.9,608.0
2016-12-03,6,43.8,1009.8,15.1,545.0
2016-12-04,0,38.2,1019.2,14.6,438.0
2016-12-05,1,37.9,1018.6,6.6,149.0
2016-12-06,2,41.7,1017.0,11.9,424.0
2016-12-07,3,42.8,1013.5,7.6,587.0
2016-12-08,4,42.7,1012.7,6.4,585.0
2016-12-09,5,36.6,1013.3,15.4,625.0
2016-12-10,6,28.2,1023.9,12.8,512.0
2016-12-11,0,29.9,1031.6,7.5,481.0
2016-12-12,1,43.6,1015.5,14.2,603.0
2016-12-13,2,39.7,1017.1,9.7,575.0
2016-12-14,3,41.2,1013.7,8.2,632.0
2016-12-15,4,29.8,1008.6,13.8,513.0
2016-12-16,5,18.2,1023.1,17.8,404.0
2016-12-17,6,36.2,1023.4,11.5,566.0
2016-12-18,0,49.8,1012.5,13.2,473.0
2016-12-19,1,35.3,1032.7,14.1,659.0
2016-12-20,2,34.8,1033.2,7.0,644.0
2016-12-21,3,38.8,1019.7,9.7,599.0
2016-12-22,4,38.9,1017.7,6.5,630.0
2016-12-23,5,39.0,1023.3,12.7,622.0
2016-12-24,6,44.1,1024.7,10.7,499.0
2016-12-25,0,40.4,1026.1,12.5,0.0
2016-12-26,1,36.4,1038.3,10.2,0.0
2016-12-27,2,49.8,1013.8,17.5,503.0
2016-12-28,3,39.1,1014.2,9.8,494.0
2016-12-29,4,37.3,1016.5,10.3,491.0
2016-12-30,5,40.4,999.5,18.2,529.0
2016-12-31,6,35.8,1016.6,14.1,428.0
2017-01-01,0,44.4,1017.4,13.4,450.0
2017-01-02,1,37.4,1032.0,7.1,353.0
2017-01-03,2,44.3,1020.7,15.2,402.0
2017-01-04,3,46.5,996.4,13.6,524.0
2017-01-05,4,36.4,1007.8,15.4,505.0
2017-01-06,5,31.7,1015.2,8.9,523.0
2017-01-07,6,31.3,1022.0,13.4,0.0
2017-01-08,0,24.1,1021.1,19.5,0.0
2017-01-09,1,18.3,1035.5,11.0,491.0
2017-01-10,2,35.6,1037.4,13.6,522.0
2017-01-11,3,45.0,1027.3,15.1,564.0
2017-01-12,4,47.8,1021.7,12.6,584.0
2017-01-13,5,46.8,1022.8,12.6,557.0
2017-01-14,6,29.8,1035.9,10.2,445.0
2017-01-15,0,33.6,1025.3,10.8,451.0
2017-01-16,1,31.6,1029.0,6.2,365.0
2017-01-17,2,40.0,1023.1,8.4,601.0
2017-01-18,3,41.6,1015.9,13.8,501.0
2017-01-19,4,40.7,1014.4,7.6,566.0
2017-01-20,5,39.9,1015.5,4.3,546.0
2017-01-21,6,42.3,1011.3,7.5,429.0
2017-01-22,0,43.2,1008.1,8.4,151.0
2017-01-23,1,40.9,1011.4,18.6,254.0
2017-01-24,2,48.9,992.3,17.2,516.0
2017-01-25,3,41.1,995.2,17.4,512.0
2017-01-26,4,44.3,997.4,9.7,509.0
2017-01-27,5,42.1,997.8,20.3,539.0
2017-01-28,6,38.7,1000.8,18.3,463.0
2017-01-29,0,38.0,1005.7,10.2,284.0
2017-01-30,1,34.0,1006.1,6.5,498.0
2017-01-31,2,28.1,1013.1,9.8,511.0
2017-02-01,3,38.7,1011.6,10.5,519.0
2017-02-02,4,37.7,1016.0,9.9,535.0
2017-02-03,5,30.9,1020.2,9.0,546.0
2017-02-04,6,28.4,1021.4,14.1,504.0
2017-02-05,0,36.1,1018.7,11.5,258.0
2017-02-06,1,37.5,1014.7,14.4,513.0
2017-02-07,2,38.1,1017.1,9.2,563.0
2017-02-08,3,46.2,1004.2,10.1,409.0
2017-02-09,4,38.1,1000.6,17.8,463.0
2017-02-10,5,21.0,1016.3,21.5,427.0
2017-02-11,6,32.0,1017.1,10.0,328.0
2017-02-12,0,35.6,1015.8,15.2,219.0
2017-02-13,1,35.9,996.6,19.7,593.0
2017-02-14,2,30.1,1009.9,15.1,305.0
2017-02-15,3,36.6,1002.8,8.7,543.0
2017-02-16,4,36.1,993.5,14.4,273.0
2017-02-17,5,31.8,1004.0,14.0,476.0
2017-02-18,6,37.0,1008.7,10.4,503.0
2017-02-19,0,47.8,1005.4,13.9,299.0
2017-02-20,1,41.9,1016.8,11.7,316.0
2017-02-21,2,37.1,1026.3,6.9,309.0
2017-02-22,3,40.6,1018.0,7.8,436.0
2017-02-23,4,44.0,1012.7,8.2,528.0
2017-02-24,5,47.5,1015.0,10.0,453.0
2017-02-25,6,49.8,1010.5,10.1,534.0
2017-02-26,0,43.0,1008.4,14.3,426.0
2017-02-27,1,39.1,1026.8,13.2,494.0
2017-02-28,2,44.2,1029.7,7.9,534.0
2017-03-01,3,47.4,1007.0,11.5,522.0
2017-03-02,4,47.8,999.2,21.6,584.0
2017-03-03,5,33.2,1018.3,11.8,681.0
2017-03-04,6,22.9,1026.4,17.8,493.0
2017-03-05,0,20.8,1029.2,19.8,329.0
2017-03-06,1,28.9,1031.6,9.9,563.0
2017-03-07,2,36.7,1030.1,10.7,568.0
2017-03-08,3,45.9,1016.0,15.3,554.0
2017-03-09,4,45.9,1012.0,17.7,606.0
2017-03-10,5,35.5,1012.1,12.1,460.0
2017-03-11,6,22.5,1013.6,19.3,485.0
2017-03-12,0,20.0,1021.2,16.1,476.0
2017-03-13,1,21.9,1028.8,10.9,353.0
2017-03-14,2,36.3,1011.8,18.1,0.0
2017-03-15,3,29.8,995.2,23.3,596.0
2017-03-16,4,28.5,1008.0,19.1,527.0
2017-03-17,5,33.0,1018.6,10.9,289.0
2017-03-18,6,34.7,1024.0,7.5,310.0
2017-03-19,0,36.0,1019.7,19.4,511.0
2017-03-20,1,39.2,1013.2,21.4,548.0
2017-03-21,2,39.9,1011.2,7.9,587.0
2017-03-22,3,38.6,1011.4,14.8,561.0
2017-03-23,4,26.4,1028.6,17.1,642.0
2017-03-24,5,35.3,1030.6,9.6,595.0
2017-03-25,6,42.9,1021.3,13.1,521.0
2017-03-26,0,37.0,1031.4,9.8,365.0
2017-03-27,1,42.0,1023.6,12.3,581.0
2017-03-28,2,40.7,1015.5,8.7,542.0
2017-03-29,3,41.9,1013.6,14.4,605.0
2017-03-30,4,40.0,1020.7,12.8,582.0
2017-03-31,5,37.6,1020.9,6.2,284.0
2017-04-01,6,39.8,1005.9,24.2,538.0
2017-04-02,0,39.7,1015.1,14.7,473.0
2017-04-03,1,43.0,1018.0,6.9,574.0
2017-04-04,2,42.9,1015.3,16.3,539.0
2017-04-05,3,42.6,1010.8,14.1,541.0
2017-04-06,4,41.9,1013.6,12.9,467.0
2017-04-07,5,47.8,994.7,14.9,320.0
2017-04-08,6,43.9,1002.9,16.5,576.0
2017-04-09,0,46.3,1017.4,10.5,499.0
2017-04-10,1,46.9,1023.2,10.2,473.0
2017-04-11,2,49.8,1021.8,12.1,469.0
2017-04-12,3,49.1,1020.6,9.9,484.0
2017-04-13,4,49.8,1024.2,8.2,523.0
2017-04-14,5,47.5,1027.8,5.0,457.0
2017-04-15,6,46.8,1028.2,9.2,124.0
2017-04-16,0,51.9,1014.7,15.7,282.0
2017-04-17,1,56.4,1010.6,12.0,325.0
2017-04-18,2,47.8,1024.7,12.1,476.0
2017-04-19,3,41.7,1033.5,10.5,524.0
2017-04-20,4,47.5,1022.6,9.8,574.0
2017-04-21,5,45.7,1017.0,13.9,634.0
2017-04-22,6,46.7,1012.1,13.2,503.0
2017-04-23,0,46.5,1017.3,10.5,473.0
2017-04-24,1,46.6,1021.9,7.6,499.0
2017-04-25,2,49.7,1021.4,14.2,278.0
2017-04-26,3,53.1,1011.6,17.9,572.0
2017-04-27,4,52.9,1011.6,5.3,622.0
2017-04-28,5,53.1,1015.6,8.2,172.0
2017-04-29,6,54.2,1015.5,11.6,597.0
2017-04-30,0,53.4,1022.3,12.6,219.0
2017-05-01,1,49.3,1019.8,10.6,571.0
2017-05-02,2,55.4,1003.9,14.5,686.0
2017-05-03,3,54.7,1009.1,13.0,649.0
2017-05-04,4,51.5,1023.0,10.6,640.0
2017-05-05,5,49.4,1019.6,14.9,705.0
2017-05-06,6,55.1,1002.7,13.5,622.0
2017-05-07,0,52.5,1004.6,10.6,394.0
2017-05-08,1,50.0,1008.8,15.6,579.0
2017-05-09,2,48.3,1014.8,6.2,591.0
2017-05-10,3,48.7,1015.4,4.5,604.0
2017-05-11,4,49.5,1015.6,7.6,625.0
2017-05-12,5,48.6,1016.7,11.8,730.0
2017-05-13,6,47.9,1015.7,8.6,627.0
2017-05-14,0,50.4,1000.0,16.5,584.0
2017-05-15,1,51.1,999.6,12.9,660.0
2017-05-16,2,57.5,1010.8,10.7,639.0
2017-05-17,3,57.9,1014.7,11.3,694.0
2017-05-18,4,60.1,1012.7,13.2,215.0
2017-05-19,5,59.6,1011.0,12.2,0.0
2017-05-20,6,56.3,1021.8,16.0,547.0
2017-05-21,0,52.7,1027.6,6.8,564.0
2017-05-22,1,51.4,1023.3,8.2,449.0
2017-05-23,2,56.8,1012.3,11.8,602.0
2017-05-24,3,53.9,1008.5,9.2,562.0
2017-05-25,4,53.8,1008.6,11.6,682.0
2017-05-26,5,55.4,1001.2,12.9,707.0
2017-05-27,6,57.5,1011.4,7.2,212.0
2017-05-28,0,51.8,1015.5,6.1,316.0
2017-05-29,1,49.6,1015.7,11.7,0.0
2017-05-30,2,53.5,1021.0,7.9,590.0
2017-05-31,3,55.4,1017.8,7.8,603.0
2017-06-01,4,55.7,1013.3,7.7,425.0
2017-06-02,5,58.2,1013.4,8.2,665.0
2017-06-03,6,56.9,1012.4,8.2,474.0
2017-06-04,0,58.0,1014.6,7.3,110.0
2017-06-05,1,56.6,1011.5,8.4,591.0
2017-06-06,2,52.4,1006.3,15.2,613.0
2017-06-07,3,54.5,1012.9,12.8,619.0
2017-06-08,4,52.7,1016.5,5.5,601.0
2017-06-09,5,57.6,1006.0,13.2,694.0
2017-06-10,6,60.4,1013.9,9.1,607.0
2017-06-11,0,61.5,1017.4,11.3,641.0
2017-06-12,1,66.0,1014.8,11.4,493.0
2017-06-13,2,67.3,1011.4,10.6,570.0
2017-06-14,3,67.1,1013.7,10.3,681.0
2017-06-15,4,57.2,1019.1,7.5,700.0
2017-06-16,5,59.8,1018.9,15.5,610.0
2017-06-17,6,61.7,1014.9,11.8,601.0
2017-06-18,0,63.8,1014.6,10.2,350.0
2017-06-19,1,64.7,1014.0,15.2,261.0
2017-06-20,2,63.4,1013.3,15.0,629.0
2017-06-21,3,62.6,1013.6,11.4,669.0
2017-06-22,4,65.8,1014.3,9.2,755.0
2017-06-23,5,64.9,1010.9,9.7,721.0
2017-06-24,6,67.2,1004.8,15.0,462.0
2017-06-25,0,68.8,1013.0,7.6,438.0
2017-06-26,1,66.7,1015.0,7.8,596.0
2017-06-27,2,64.3,1016.3,7.8,684.0
2017-06-28,3,65.4,1016.7,9.9,663.0
2017-06-29,4,65.6,1020.7,11.5,202.0
2017-06-30,5,66.9,1018.0,13.3,676.0
2017-07-01,6,67.7,1016.8,13.0,536.0
2017-07-02,0,68.7,1013.7,11.4,404.0
2017-07-03,1,70.9,1013.9,9.5,362.0
2017-07-04,2,72.0,1016.5,5.8,144.0
2017-07-05,3,67.9,1021.9,6.5,515.0
2017-07-06,4,61.7,1021.8,5.9,444.0
2017-07-07,5,66.0,1012.4,8.7,600.0
2017-07-08,6,67.3,1007.0,8.9,544.0
2017-07-09,0,69.6,1012.4,10.1,403.0
2017-07-10,1,68.3,1018.2,9.0,599.0
2017-07-11,2,68.8,1016.1,8.6,569.0
2017-07-12,3,70.8,1015.2,7.3,619.0
2017-07-13,4,70.8,1015.5,8.2,461.0
2017-07-14,5,63.7,1018.4,8.9,635.0
2017-07-15,6,64.3,1013.9,5.6,594.0
2017-07-16,0,69.3,1013.7,7.1,336.0
2017-07-17,1,67.3,1018.5,5.7,577.0
2017-07-18,2,69.4,1019.6,5.5,635.0
2017-07-19,3,71.6,1016.5,7.6,277.0
2017-07-20,4,74.7,1013.9,7.7,305.0
2017-07-21,5,75.6,1010.4,7.8,672.0
2017-07-22,6,74.0,1010.5,7.1,586.0
2017-07-23,0,68.4,1009.3,6.0,503.0
2017-07-24,1,63.0,1011.8,10.9,563.0
2017-07-25,2,62.8,1015.6,13.8,541.0
2017-07-26,3,63.6,1022.4,7.4,575.0
2017-07-27,4,61.8,1017.7,7.3,541.0
2017-07-28,5,69.2,1011.3,8.5,622.0
2017-07-29,6,65.1,1009.1,11.1,330.0
2017-07-30,0,67.1,1012.6,15.0,404.0
2017-07-31,1,63.9,1017.8,4.2,582.0
2017-08-01,2,68.2,1017.1,8.6,340.0
2017-08-02,3,68.6,1018.9,6.5,561.0
2017-08-03,4,67.5,1020.6,5.8,287.0
2017-08-04,5,67.7,1019.7,6.3,188.0
2017-08-05,6,67.7,1014.1,7.9,382.0
2017-08-06,0,69.4,1014.4,11.8,331.0
2017-08-07,1,67.5,1018.9,7.8,551.0
2017-08-08,2,65.2,1013.2,11.3,560.0
2017-08-09,3,67.1,1021.1,6.5,510.0
2017-08-10,4,67.8,1024.2,6.0,596.0
2017-08-11,5,67.6,1021.4,5.8,596.0
2017-08-12,6,65.9,1016.4,5.8,265.0
2017-08-13,0,71.0,1012.4,8.3,512.0
2017-08-14,1,67.7,1016.4,4.3,555.0
2017-08-15,2,67.8,1014.6,4.0,511.0
2017-08-16,3,71.1,1013.0,6.5,542.0
2017-08-17,4,68.0,1016.6,5.2,578.0
2017-08-18,5,66.6,1015.2,8.8,556.0
2017-08-19,6,71.8,1010.1,12.2,555.0
2017-08-20,0,72.8,1014.2,9.7,392.0
2017-08-21,1,69.9,1020.4,5.9,564.0
2017-08-22,2,70.5,1017.4,10.6,395.0
2017-08-23,3,72.3,1009.1,12.4,575.0
2017-08-24,4,70.0,1011.9,5.6,578.0
2017-08-25,5,66.4,1016.2,5.5,574.0
2017-08-26,6,64.1,1023.0,3.7,517.0
2017-08-27,0,62.3,1024.6,5.0,236.0
2017-08-28,1,62.7,1025.3,8.5,519.0
2017-08-29,2,62.0,1023.8,8.6,553.0
2017-08-30,3,61.8,1012.8,16.0,605.0
2017-08-31,4,66.2,1011.0,9.7,562.0
2017-09-01,5,62.7,1015.1,10.6,617.0
2017-09-02,6,58.7,1022.4,5.3,508.0
2017-09-03,0,60.0,1018.2,13.1,225.0
2017-09-04,1,65.4,1012.4,13.4,271.0
2017-09-05,2,68.1,1012.1,14.0,651.0
2017-09-06,3,69.6,1013.2,13.6,556.0
2017-09-07,4,67.1,1011.4,13.0,588.0
2017-09-08,5,65.4,1017.2,11.3,662.0
2017-09-09,6,63.1,1021.1,7.5,547.0
2017-09-10,0,61.1,1024.2,9.9,313.0
2017-09-11,1,63.6,1023.1,7.9,440.0
2017-09-12,2,65.3,1015.6,8.3,613.0
2017-09-13,3,67.5,1011.8,8.0,650.0
2017-09-14,4,67.4,1012.6,9.0,657.0
2017-09-15,5,67.9,1016.3,6.3,0.0
2017-09-16,6,66.8,1020.8,2.8,564.0
2017-09-17,0,64.7,1021.4,3.4,470.0
2017-09-18,1,65.7,1020.5,7.6,596.0
2017-09-19,2,65.5,1016.3,14.5,586.0
2017-09-20,3,66.1,1006.4,21.3,527.0
2017-09-21,4,63.9,1006.9,29.6,336.0
2017-09-22,5,61.3,1008.1,27.5,548.0
2017-09-23,6,62.6,1012.3,17.2,562.0
2017-09-24,0,65.3,1016.6,9.6,519.0
2017-09-25,1,64.2,1017.8,4.2,443.0
2017-09-26,2,65.9,1016.8,3.4,592.0
2017-09-27,3,68.7,1014.0,4.7,618.0
2017-09-28,4,69.4,1005.9,9.3,667.0
2017-09-29,5,59.6,1013.9,10.6,504.0
2017-09-30,6,56.3,1020.0,8.3,505.0
2017-10-01,0,55.5,1025.7,7.9,393.0
2017-10-02,1,58.0,1026.8,9.3,215.0
2017-10-03,2,54.1,1035.7,6.0,607.0
2017-10-04,3,59.3,1029.6,12.4,628.0
2017-10-05,4,63.7,1019.9,15.8,586.0
2017-10-06,5,64.9,1018.2,7.6,584.0
2017-10-07,6,63.8,1021.1,5.7,367.0
2017-10-08,0,65.8,1017.4,12.8,350.0
2017-10-09,1,66.3,1016.5,10.5,392.0
2017-10-10,2,68.8,1015.0,11.0,551.0
2017-10-11,3,62.1,1019.7,6.9,547.0
2017-10-12,4,57.1,1026.7,14.5,397.0
2017-10-13,5,56.4,1030.6,10.9,603.0
2017-10-14,6,62.4,1026.6,5.5,499.0
2017-10-15,0,63.3,1016.6,7.1,390.0
2017-10-16,1,62.3,1011.6,13.8,577.0
2017-10-17,2,51.1,1022.8,12.1,659.0
2017-10-18,3,56.7,1024.8,10.1,662.0
2017-10-19,4,59.7,1023.8,9.3,678.0
2017-10-20,5,62.0,1017.0,11.3,316.0
2017-10-21,6,58.8,1024.1,7.0,523.0
2017-10-22,0,60.6,1028.8,6.9,293.0
2017-10-23,1,59.5,1026.8,7.2,604.0
2017-10-24,2,64.3,1018.6,14.7,625.0
2017-10-25,3,65.1,1009.4,17.1,576.0
2017-10-26,4,60.1,1002.6,11.3,587.0
2017-10-27,5,54.1,1015.5,12.1,577.0
2017-10-28,6,55.1,1019.0,6.7,550.0
2017-10-29,0,60.4,1012.4,12.3,566.0
2017-10-30,1,60.4,997.1,27.3,322.0
2017-10-31,2,57.7,1014.3,18.1,618.0
2017-11-01,3,50.6,1026.5,6.7,485.0
2017-11-02,4,58.9,1026.9,10.4,675.0
2017-11-03,5,58.7,1019.3,7.7,568.0
2017-11-04,6,53.6,1024.3,13.9,540.0
2017-11-05,0,54.5,1026.0,10.8,337.0
2017-11-06,1,62.2,1016.0,11.8,598.0
2017-11-07,2,53.0,1019.6,12.5,632.0
2017-11-08,3,47.0,1020.7,16.7,588.0
2017-11-09,4,48.3,1022.1,8.7,628.0
2017-11-10,5,44.6,1016.1,12.3,361.0
2017-11-11,6,30.2,1029.7,12.6,559.0
2017-11-12,0,35.8,1032.6,5.0,485.0
2017-11-13,1,48.8,1026.7,9.2,624.0
2017-11-14,2,46.1,1024.1,12.3,571.0
2017-11-15,3,43.9,1024.1,11.3,633.0
2017-11-16,4,46.6,1015.0,10.1,331.0
2017-11-17,5,43.8,1009.4,15.6,265.0
2017-11-18,6,43.5,1013.0,9.4,573.0
2017-11-19,0,54.8,998.1,16.8,460.0
2017-11-20,1,40.5,1010.3,15.4,671.0
2017-11-21,2,51.1,1020.3,15.3,303.0
2017-11-22,3,54.2,1014.0,13.5,677.0
2017-11-23,4,38.7,1015.0,11.1,231.0
2017-11-24,5,40.8,1016.1,6.9,320.0
2017-11-25,6,50.1,1010.6,7.8,200.0
2017-11-26,0,48.9,1007.2,12.2,322.0
2017-11-27,1,43.0,1013.8,12.4,580.0
2017-11-28,2,37.9,1028.0,10.0,587.0
2017-11-29,3,52.2,1019.8,14.6,611.0
2017-11-30,4,43.2,1024.6,10.1,604.0
2017-12-01,5,48.2,1018.5,10.0,691.0
2017-12-02,6,42.5,1024.2,8.0,520.0
2017-12-03,0,42.6,1023.2,6.1,357.0
2017-12-04,1,40.9,1028.5,7.7,604.0
2017-12-05,2,42.0,1027.8,10.2,630.0
2017-12-06,3,51.3,1012.7,15.0,580.0
2017-12-07,4,43.4,1013.9,10.2,624.0
2017-12-08,5,41.0,1016.4,9.0,615.0
2017-12-09,6,38.7,1013.3,9.9,432.0
2017-12-10,0,39.0,1006.7,12.3,466.0
2017-12-11,1,38.4,1015.3,7.9,645.0
2017-12-12,2,42.6,1007.4,10.0,614.0
2017-12-13,3,32.8,992.9,17.6,645.0
2017-12-14,4,28.2,1004.1,12.6,0.0
2017-12-15,5,25.1,1016.7,6.3,0.0
2017-12-16,6,30.9,1013.6,12.4,597.0
2017-12-17,0,27.6,1022.8,10.1,495.0
2017-12-18,1,32.7,1021.3,4.6,642.0
2017-12-19,2,44.9,1009.8,10.3,584.0
2017-12-20,3,44.3,1007.3,14.9,633.0
2017-12-21,4,32.4,1018.5,10.7,666.0
2017-12-22,5,32.7,1026.3,6.7,661.0
2017-12-23,6,45.6,1013.0,10.6,490.0
2017-12-24,0,41.9,1018.4,12.9,234.0
2017-12-25,1,41.1,1009.1,16.7,68.0
2017-12-26,2,29.5,1023.4,13.1,473.0
2017-12-27,3,21.9,1029.7,11.0,526.0
2017-12-28,4,15.3,1027.8,17.5,549.0
2017-12-29,5,13.7,1024.3,11.0,543.0
2017-12-30,6,16.7,1019.3,10.5,506.0
2017-12-31,0,21.0,1013.1,10.5,297.0
2018-01-01,1,9.5,1022.2,15.0,349.0
2018-01-02,2,14.7,1024.9,12.9,580.0
2018-01-03,3,25.6,1025.1,6.7,584.0
2018-01-04,4,37.1,1002.4,21.0,230.0
2018-01-05,5,23.0,995.7,23.4,305.0
2018-01-06,6,13.2,1013.5,22.4,533.0
2018-01-07,0,9.3,1028.3,12.7,374.0
2018-01-08,1,35.0,1023.6,18.3,428.0
2018-01-09,2,38.3,1016.8,14.6,629.0
2018-01-10,3,31.4,1029.7,6.6,415.0
2018-01-11,4,38.5,1030.1,8.6,402.0
2018-01-12,5,43.7,1021.7,13.4,463.0
2018-01-13,6,45.4,1007.7,19.2,546.0
2018-01-14,0,27.0,1028.8,14.5,454.0
2018-01-15,1,31.6,1034.9,15.4,463.0
2018-01-16,2,32.3,1032.0,8.8,569.0
2018-01-17,3,36.0,1024.3,7.7,536.0
2018-01-18,4,32.4,1013.5,10.2,453.0
2018-01-19,5,28.9,1014.3,10.5,547.0
2018-01-20,6,38.1,1010.9,14.3,483.0
2018-01-21,0,39.7,1018.2,7.2,217.0
2018-01-22,1,36.4,1023.6,4.0,504.0
2018-01-23,2,45.3,1012.9,16.2,479.0
2018-01-24,3,41.1,1008.5,13.9,556.0
2018-01-25,4,28.0,1021.1,13.2,560.0
2018-01-26,5,25.3,1035.0,14.4,472.0
2018-01-27,6,36.8,1034.3,12.2,470.0
2018-01-28,0,43.4,1025.3,9.5,156.0
2018-01-29,1,40.3,1021.4,12.1,481.0
2018-01-30,2,31.9,1010.7,23.4,533.0
2018-01-31,3,25.0,1019.2,13.1,529.0
2018-02-01,4,38.3,1017.2,11.9,536.0
2018-02-02,5,34.2,1011.1,11.9,548.0
2018-02-03,6,19.8,1026.5,16.5,379.0
2018-02-04,0,37.8,1026.4,13.4,508.0
2018-02-05,1,42.5,1008.3,14.1,131.0
2018-02-06,2,30.0,1026.9,4.8,495.0
2018-02-07,3,36.4,1030.4,9.5,253.0
2018-02-08,4,34.6,1020.8,14.5,539.0
2018-02-09,5,28.3,1032.6,6.2,529.0
2018-02-10,6,41.6,1028.8,11.3,497.0
2018-02-11,0,46.3,1017.9,9.7,264.0
2018-02-12,1,45.0,1021.3,13.6,486.0
2018-02-13,2,31.5,1039.1,9.7,554.0
2018-02-14,3,36.9,1030.5,8.7,600.0
2018-02-15,4,40.8,1013.7,9.7,576.0
2018-02-16,5,44.8,1003.8,8.8,416.0
2018-02-17,6,35.9,1023.7,13.1,414.0
2018-02-18,0,39.4,1021.0,12.4,209.0
2018-02-19,1,38.1,1033.5,8.3,338.0
2018-02-20,2,45.6,1027.6,12.4,475.0
2018-02-21,3,45.9,1026.2,13.3,539.0
2018-02-22,4,43.1,1033.5,13.8,505.0
2018-02-23,5,37.5,1036.3,10.6,503.0
2018-02-24,6,42.3,1020.5,11.4,484.0
2018-02-25,0,42.5,1021.5,12.3,165.0
2018-02-26,1,42.1,1016.7,10.7,505.0
2018-02-27,2,40.3,1024.2,8.9,578.0
2018-02-28,3,42.6,1020.1,12.9,413.0
2018-03-01,4,46.7,1011.2,8.5,561.0
2018-03-02,5,45.3,989.8,23.3,164.0
2018-03-03,6,40.2,1005.3,34.8,535.0
2018-03-04,0,39.6,1013.5,23.4,157.0
2018-03-05,1,37.8,1011.0,24.2,561.0
2018-03-06,2,37.7,1014.9,17.5,610.0
2018-03-07,3,38.1,1012.1,12.3,366.0
2018-03-08,4,39.6,999.1,15.8,551.0
2018-03-09,5,35.5,1004.0,12.0,365.0
2018-03-10,6,38.1,1007.9,17.5,523.0
2018-03-11,0,36.3,1014.2,11.4,301.0
2018-03-12,1,36.7,1016.1,9.0,621.0
2018-03-13,2,35.0,995.9,31.0,524.0
2018-03-14,3,34.8,999.1,22.8,566.0
2018-03-15,4,36.5,996.7,20.1,625.0
2018-03-16,5,36.1,1000.1,13.5,310.0
2018-03-17,6,33.3,1005.7,19.7,518.0
2018-03-18,0,27.2,1009.5,12.2,477.0
2018-03-19,1,30.5,1011.7,12.2,627.0
2018-03-20,2,32.5,1013.5,9.1,537.0
2018-03-21,3,36.8,1005.4,21.0,236.0
2018-03-22,4,36.1,1001.5,21.5,438.0
2018-03-23,5,37.5,1012.6,7.0,668.0
2018-03-24,6,36.3,1015.4,6.8,498.0
2018-03-25,0,35.8,1024.2,16.6,396.0
2018-03-26,1,36.4,1036.0,19.4,634.0
2018-03-27,2,37.6,1032.5,16.0,566.0
2018-03-28,3,40.4,1018.5,10.1,573.0
2018-03-29,4,41.6,1017.6,6.5,571.0
2018-03-30,5,46.8,1008.8,11.5,447.0
2018-03-31,6,43.6,1019.1,12.6,536.0
2018-04-01,0,44.2,1017.3,13.4,0.0
2018-04-02,1,37.7,1018.7,8.4,517.0
2018-04-03,2,35.3,1021.9,7.5,491.0
2018-04-04,3,47.3,1005.1,15.7,496.0
2018-04-05,4,39.9,1010.7,17.0,473.0
2018-04-06,5,38.0,1019.0,12.2,337.0
2018-04-07,6,43.5,1008.6,10.7,189.0
2018-04-08,0,37.9,1009.4,11.2,346.0
2018-04-09,1,36.3,1018.1,12.6,570.0
2018-04-10,2,37.7,1021.9,6.5,610.0
2018-04-11,3,37.9,1021.0,6.5,536.0
2018-04-12,4,42.8,1019.4,9.8,557.0
2018-04-13,5,47.7,1013.5,15.4,307.0
2018-04-14,6,47.7,1017.1,13.7,568.0
2018-04-15,0,39.7,1027.4,17.5,470.0
2018-04-16,1,44.7,1019.3,21.6,329.0
2018-04-17,2,45.6,1001.3,16.1,558.0
2018-04-18,3,41.9,1005.6,16.6,425.0
2018-04-19,4,41.8,1007.0,8.6,637.0
2018-04-20,5,43.2,1014.9,11.6,431.0
2018-04-21,6,44.6,1024.6,10.5,523.0
2018-04-22,0,46.3,1026.8,7.2,507.0
2018-04-23,1,46.4,1030.7,7.1,603.0
2018-04-24,2,44.7,1030.4,6.7,605.0
2018-04-25,3,49.2,1019.5,15.1,562.0
2018-04-26,4,50.0,1005.4,12.7,338.0
2018-04-27,5,48.8,1011.9,9.2,488.0
2018-04-28,6,49.5,1010.7,6.3,553.0
2018-04-29,0,50.5,1010.3,5.9,398.0
2018-04-30,1,46.2,1013.5,12.0,611.0
2018-05-01,2,48.4,1015.9,7.6,643.0
2018-05-02,3,54.5,1016.7,13.1,578.0
2018-05-03,4,54.0,1015.3,13.2,467.0
2018-05-04,5,53.3,1013.4,12.2,663.0
2018-05-05,6,58.0,1013.8,13.5,554.0
2018-05-06,0,52.5,1018.6,6.9,255.0
2018-05-07,1,53.0,1015.9,11.3,628.0
2018-05-08,2,48.4,1024.3,6.9,661.0
2018-05-09,3,51.2,1021.8,7.7,647.0
2018-05-10,4,51.0,1015.1,12.2,602.0
2018-05-11,5,56.8,1013.1,11.3,715.0
2018-05-12,6,48.9,1021.1,7.3,544.0
2018-05-13,0,49.7,1020.2,8.6,491.0
2018-05-14,1,50.5,1016.9,5.5,622.0
2018-05-15,2,53.9,1013.0,10.7,586.0
2018-05-16,3,55.3,1018.9,8.5,616.0
2018-05-17,4,54.1,1016.7,3.6,653.0
2018-05-18,5,52.2,1024.8,10.9,559.0
2018-05-19,6,49.6,1027.5,9.8,528.0
2018-05-20,0,56.5,1015.4,13.9,526.0
2018-05-21,1,60.9,1019.0,8.7,568.0
2018-05-22,2,54.6,1021.1,7.0,607.0
2018-05-23,3,57.3,1012.9,7.0,656.0
2018-05-24,4,56.3,1017.5,9.6,311.0
2018-05-25,5,56.5,1015.2,13.6,507.0
2018-05-26,6,58.8,1009.8,13.8,550.0
2018-05-27,0,53.7,1016.4,12.6,211.0
2018-05-28,1,53.4,1017.4,11.6,0.0
2018-05-29,2,57.7,1015.6,8.5,434.0
2018-05-30,3,59.2,1021.3,7.5,420.0
2018-05-31,4,55.1,1019.2,6.5,634.0
2018-06-01,5,58.6,1012.6,6.2,691.0
2018-06-02,6,63.1,1007.0,7.9,571.0
2018-06-03,0,52.8,1016.4,11.8,341.0
2018-06-04,1,51.0,1011.1,13.5,622.0
2018-06-05,2,54.5,1004.6,11.0,628.0
2018-06-06,3,54.8,1008.9,9.6,596.0
2018-06-07,4,51.5,1020.1,6.5,639.0
2018-06-08,5,54.8,1020.9,8.0,688.0
2018-06-09,6,62.9,1018.7,5.7,642.0
2018-06-10,0,61.5,1017.3,6.8,344.0
2018-06-11,1,56.2,1018.0,8.8,615.0
2018-06-12,2,55.3,1022.7,9.6,636.0
2018-06-13,3,59.4,1016.0,11.5,636.0
2018-06-14,4,63.8,1005.8,13.6,335.0
2018-06-15,5,59.0,1011.3,6.2,658.0
2018-06-16,6,62.8,1014.9,8.2,608.0
2018-06-17,0,66.7,1017.7,6.0,567.0
2018-06-18,1,62.9,1017.2,9.6,484.0
2018-06-19,2,67.7,1007.3,11.6,512.0
2018-06-20,3,62.8,1011.4,5.2,628.0
2018-06-21,4,63.4,1008.8,6.4,377.0
2018-06-22,5,61.1,1016.4,7.2,666.0
2018-06-23,6,59.2,1015.5,9.2,154.0
2018-06-24,0,62.7,1010.4,5.9,400.0
2018-06-25,1,63.8,1014.2,10.4,657.0
2018-06-26,2,60.7,1023.0,7.7,681.0
2018-06-27,3,62.7,1021.0,9.3,258.0
2018-06-28,4,64.1,1015.3,14.6,670.0
2018-06-29,5,68.0,1012.2,7.0,421.0
2018-06-30,6,71.1,1015.8,5.9,576.0
2018-07-01,0,70.8,1016.2,5.9,499.0
2018-07-02,1,68.4,1018.9,4.7,449.0
2018-07-03,2,66.9,1021.5,6.2,615.0
2018-07-04,3,71.7,1025.7,6.8,0.0
2018-07-05,4,71.7,1025.4,6.2,326.0
2018-07-06,5,70.6,1017.8,11.5,618.0
2018-07-07,6,67.3,1023.6,12.8,485.0
2018-07-08,0,61.7,1027.4,3.8,491.0
2018-07-09,1,60.9,1023.2,6.7,612.0
2018-07-10,2,67.2,1014.8,10.4,435.0
2018-07-11,3,68.3,1012.8,8.9,568.0
2018-07-12,4,68.2,1019.9,6.8,568.0
2018-07-13,5,64.8,1024.2,5.0,525.0
2018-07-14,6,64.9,1021.4,4.7,526.0
2018-07-15,0,65.5,1016.5,5.3,514.0
2018-07-16,1,68.7,1015.6,4.7,662.0
2018-07-17,2,70.5,1012.9,10.7,621.0
2018-07-18,3,71.2,1010.1,9.0,620.0
2018-07-19,4,67.9,1016.8,6.3,502.0
2018-07-20,5,64.3,1021.6,3.3,628.0
2018-07-21,6,59.8,1021.0,6.7,551.0
2018-07-22,0,66.5,1019.1,12.8,495.0
2018-07-23,1,69.9,1024.3,12.6,566.0
2018-07-24,2,69.2,1025.8,9.8,603.0
2018-07-25,3,69.8,1020.0,11.0,601.0
2018-07-26,4,69.8,1014.3,13.9,543.0
2018-07-27,5,70.6,1015.8,7.8,515.0
2018-07-28,6,69.7,1016.5,6.7,580.0
2018-07-29,0,72.9,1016.8,6.3,0.0
2018-07-30,1,71.3,1020.4,5.8,525.0
2018-07-31,2,68.9,1020.4,4.9,429.0
2018-08-01,3,69.2,1020.7,8.6,598.0
2018-08-02,4,73.7,1019.9,11.6,429.0
2018-08-03,5,73.7,1022.1,9.2,394.0
2018-08-04,6,71.8,1020.6,9.4,553.0
2018-08-05,0,74.3,1019.6,7.1,512.0
2018-08-06,1,74.8,1018.6,7.2,571.0
2018-08-07,2,75.8,1015.6,9.7,616.0
2018-08-08,3,74.6,1013.9,8.1,595.0
2018-08-09,4,74.9,1008.0,9.2,649.0
2018-08-10,5,76.9,1010.2,6.4,434.0
2018-08-11,6,68.8,1015.2,5.8,515.0
2018-08-12,0,70.9,1017.6,7.3,245.0
2018-08-13,1,69.1,1016.9,6.2,560.0
2018-08-14,2,72.8,1013.0,6.9,434.0
2018-08-15,3,74.1,1011.1,9.7,585.0
2018-08-16,4,77.2,1014.9,10.1,581.0
2018-08-17,5,74.9,1018.0,5.1,516.0
2018-08-18,6,73.9,1010.8,9.4,540.0
2018-08-19,0,68.5,1013.6,13.1,96.0
2018-08-20,1,66.7,1018.3,11.6,511.0
2018-08-21,2,66.7,1019.1,9.5,459.0
2018-08-22,3,68.1,1008.0,8.1,537.0
2018-08-23,4,70.0,1010.3,9.3,553.0
2018-08-24,5,67.1,1021.1,4.7,455.0
2018-08-25,6,66.5,1025.9,5.8,510.0
2018-08-26,0,68.2,1021.4,5.4,397.0
2018-08-27,1,73.1,1017.3,8.7,589.0
2018-08-28,2,73.0,1016.6,9.0,650.0
2018-08-29,3,75.3,1015.2,9.8,622.0
2018-08-30,4,76.2,1015.2,10.2,434.0
2018-08-31,5,69.9,1023.8,13.0,423.0
2018-09-01,6,65.0,1026.7,7.2,488.0
2018-09-02,0,67.0,1024.9,5.0,409.0
2018-09-03,1,69.9,1024.3,8.4,415.0
2018-09-04,2,75.7,1022.4,9.9,570.0
2018-09-05,3,69.2,1024.1,4.8,460.0
2018-09-06,4,72.6,1021.0,9.8,0.0
2018-09-07,5,71.1,1020.5,8.7,613.0
2018-09-08,6,66.6,1019.0,6.9,514.0
2018-09-09,0,62.6,1022.8,10.0,510.0
2018-09-10,1,62.3,1025.1,13.4,586.0
2018-09-11,2,68.9,1021.2,10.0,376.0
2018-09-12,3,71.0,1023.0,4.0,482.0
2018-09-13,4,66.1,1024.7,8.4,663.0
2018-09-14,5,64.9,1024.2,7.1,628.0
2018-09-15,6,65.9,1022.9,5.8,544.0
2018-09-16,0,63.9,1023.1,3.7,543.0
2018-09-17,1,65.6,1020.6,5.0,606.0
2018-09-18,2,71.0,1012.1,8.7,656.0
2018-09-19,3,66.5,1011.4,11.0,386.0
2018-09-20,4,63.7,1020.6,11.3,590.0
2018-09-21,5,60.6,1024.2,6.9,635.0
2018-09-22,6,68.8,1017.3,14.4,423.0
2018-09-23,0,59.8,1023.4,3.0,173.0
2018-09-24,1,57.4,1030.2,10.1,536.0
2018-09-25,2,60.5,1032.1,14.4,464.0
2018-09-26,3,69.4,1017.4,14.7,661.0
2018-09-27,4,66.3,1016.6,13.2,596.0
2018-09-28,5,60.5,1017.8,8.5,634.0
2018-09-29,6,62.3,1020.0,6.6,507.0
2018-09-30,0,61.0,1025.6,4.7,332.0
2018-10-01,1,62.0,1026.4,5.4,425.0
2018-10-02,2,64.7,1022.8,6.6,547.0
2018-10-03,3,64.4,1017.0,9.4,679.0
2018-10-04,4,60.0,1017.6,5.7,408.0
2018-10-05,5,62.2,1017.9,14.7,406.0
2018-10-06,6,55.5,1023.0,6.0,350.0
2018-10-07,0,64.4,1022.3,8.6,250.0
2018-10-08,1,60.7,1029.4,10.5,70.0
2018-10-09,2,63.1,1027.5,8.6,556.0
2018-10-10,3,66.2,1021.4,9.1,630.0
2018-10-11,4,67.2,1009.6,8.9,647.0
2018-10-12,5,63.1,999.7,14.8,360.0
2018-10-13,6,53.2,1008.5,7.9,499.0
2018-10-14,0,52.8,1020.7,8.9,394.0
2018-10-15,1,57.1,1021.9,9.8,400.0
2018-10-16,2,57.1,1015.2,15.5,595.0
2018-10-17,3,55.6,1013.4,13.3,611.0
2018-10-18,4,45.6,1019.5,16.3,648.0
2018-10-19,5,49.2,1022.9,13.7,688.0
2018-10-20,6,59.5,1008.6,16.1,559.0
2018-10-21,0,48.5,1004.7,11.8,513.0
2018-10-22,1,43.3,1021.0,11.7,564.0
2018-10-23,2,51.5,1019.6,8.0,605.0
2018-10-24,3,48.8,1012.4,13.2,626.0
2018-10-25,4,45.3,1015.5,14.2,500.0
2018-10-26,5,39.8,1018.6,8.7,422.0
2018-10-27,6,50.0,1015.4,16.0,662.0
2018-10-28,0,56.8,1007.4,13.4,513.0
2018-10-29,1,54.9,1008.4,11.7,608.0
2018-10-30,2,47.9,1013.2,9.8,601.0
2018-10-31,3,45.9,1019.1,6.8,567.0
2018-11-01,4,58.0,1013.2,11.1,622.0
2018-11-02,5,60.0,1010.6,13.9,667.0
2018-11-03,6,59.7,1008.9,19.2,574.0
2018-11-04,0,47.7,1029.1,9.9,441.0
2018-11-05,1,47.5,1030.9,9.2,673.0
2018-11-06,2,56.8,1014.3,12.1,607.0
2018-11-07,3,57.9,1012.9,13.7,609.0
2018-11-08,4,52.1,1020.3,11.1,561.0
2018-11-09,5,48.3,1025.5,11.1,441.0
2018-11-10,6,52.2,1009.3,19.1,530.0
2018-11-11,0,39.9,1022.8,13.7,198.0
2018-11-12,1,41.7,1029.4,8.2,388.0
2018-11-13,2,51.9,1020.7,16.9,458.0
2018-11-14,3,39.3,1021.6,16.5,628.0
2018-11-15,4,34.0,1033.3,10.6,0.0
2018-11-16,5,42.8,1005.0,19.0,643.0
2018-11-17,6,44.5,1015.5,12.1,497.0
2018-11-18,0,41.7,1025.8,6.7,424.0
2018-11-19,1,46.7,1021.0,5.0,620.0
2018-11-20,2,48.2,1012.0,7.0,602.0
2018-11-21,3,39.9,1014.7,13.8,641.0
2018-11-22,4,24.9,1022.1,19.2,74.0
2018-11-23,5,23.0,1031.4,13.1,219.0
2018-11-24,6,41.4,1023.6,11.5,469.0
2018-11-25,0,47.7,1008.4,15.9,380.0
2018-11-26,1,45.4,1011.9,8.1,433.0
2018-11-27,2,46.9,993.6,19.3,542.0
2018-11-28,3,41.0,992.9,12.5,516.0
2018-11-29,4,41.3,1002.8,17.1,576.0
2018-11-30,5,38.4,1015.2,7.5,644.0
2018-12-01,6,38.3,1020.3,5.7,540.0
2018-12-02,0,46.0,1015.9,12.2,479.0
2018-12-03,1,51.0,1001.7,11.3,602.0
2018-12-04,2,40.6,1007.8,12.1,606.0
2018-12-05,3,31.6,1017.3,7.0,579.0
2018-12-06,4,34.9,1018.3,10.7,592.0
2018-12-07,5,38.0,1022.0,11.0,468.0
2018-12-08,6,27.9,1028.6,11.5,575.0
2018-12-09,0,29.7,1029.6,8.6,367.0
2018-12-10,1,35.5,1018.4,10.1,579.0
2018-12-11,2,32.0,1019.5,4.5,623.0
2018-12-12,3,32.3,1015.0,9.3,560.0
2018-12-13,4,30.9,1030.2,6.4,602.0
2018-12-14,5,37.9,1033.0,6.2,211.0
2018-12-15,6,46.1,1022.3,6.8,560.0
2018-12-16,0,43.8,1017.9,15.2,540.0
2018-12-17,1,42.2,1001.1,14.6,609.0
2018-12-18,2,33.3,1006.2,19.7,433.0
2018-12-19,3,29.8,1018.0,9.4,662.0
2018-12-20,4,38.6,1020.2,5.0,124.0
2018-12-21,5,50.4,1010.2,17.6,392.0
2018-12-22,6,48.3,995.6,13.3,490.0
2018-12-23,0,36.7,1015.1,11.6,441.0
2018-12-24,1,35.2,1017.2,4.9,516.0
2018-12-25,2,35.6,1019.8,10.0,0.0
2018-12-26,3,31.8,1027.5,11.1,452.0
2018-12-27,4,34.7,1033.8,8.1,522.0
2018-12-28,5,41.8,1027.6,15.0,595.0
2018-12-29,6,48.4,1011.3,14.2,431.0
2018-12-30,0,34.6,1021.2,8.4,59.0
2018-12-31,1,32.0,1027.4,5.2,559.0
2019-01-01,2,47.4,1009.2,18.3,312.0
2019-01-02,3,35.0,1022.9,10.3,446.0
2019-01-03,4,39.4,1015.6,9.2,447.0
2019-01-04,5,39.0,1014.4,9.9,536.0
2019-01-05,6,43.8,1005.8,11.8,399.0
2019-01-06,0,39.7,1007.1,13.1,73.0
2019-01-07,1,27.4,1024.8,17.4,508.0
2019-01-08,2,36.3,1025.7,9.3,493.0
2019-01-09,3,44.4,997.6,13.4,457.0
2019-01-10,4,34.9,998.6,14.7,530.0
2019-01-11,5,28.6,1013.9,14.2,565.0
2019-01-12,6,23.1,1029.0,12.9,459.0
2019-01-13,0,26.0,1030.5,8.0,188.0
2019-01-14,1,32.8,1021.6,15.3,119.0
2019-01-15,2,29.4,1017.5,7.4,545.0
2019-01-16,3,31.3,1017.3,9.1,511.0
2019-01-17,4,29.4,1024.6,11.2,523.0
2019-01-18,5,33.2,1023.0,6.8,528.0
2019-01-19,6,34.5,1022.0,6.9,430.0
2019-01-20,0,43.2,1012.4,17.0,302.0
2019-01-21,1,13.7,1003.4,17.0,262.0
2019-01-22,2,15.8,1026.7,17.6,560.0
2019-01-23,3,31.6,1029.6,8.3,492.0
2019-01-24,4,46.5,1012.6,19.2,532.0
2019-01-25,5,37.0,1010.5,14.0,282.0
2019-01-26,6,30.5,1022.6,7.9,486.0
2019-01-27,0,35.1,1021.8,7.8,400.0
2019-01-28,1,35.7,1016.0,11.3,491.0
2019-01-29,2,33.8,1016.7,9.6,348.0
2019-01-30,3,36.8,1009.8,15.1,364.0
2019-01-31,4,15.7,1022.5,16.4,540.0
2019-02-01,5,17.6,1027.8,10.9,467.0
2019-02-02,6,23.5,1023.7,11.8,513.0
2019-02-03,0,35.4,1019.9,10.4,428.0
2019-02-04,1,39.7,1019.4,7.3,572.0
2019-02-05,2,43.0,1014.2,4.8,506.0
2019-02-06,3,39.1,1020.4,9.7,549.0
2019-02-07,4,39.1,1019.5,11.8,387.0
2019-02-08,5,40.6,1012.4,9.8,478.0
2019-02-09,6,31.5,1024.7,16.4,498.0
2019-02-10,0,28.7,1034.3,11.7,274.0
2019-02-11,1,30.7,1026.6,8.1,496.0
2019-02-12,2,29.4,1028.5,11.2,394.0
2019-02-13,3,41.1,1003.4,17.9,373.0
2019-02-14,4,35.5,1012.2,15.9,565.0
2019-02-15,5,39.8,1015.0,14.2,546.0
2019-02-16,6,41.1,1007.1,10.6,471.0
2019-02-17,0,30.9,1016.9,7.6,344.0
2019-02-18,1,32.8,1013.3,8.0,306.0
2019-02-19,2,25.9,1028.5,15.1,467.0
2019-02-20,3,26.7,1034.1,7.7,516.0
2019-02-21,4,36.8,1016.1,13.3,512.0
2019-02-22,5,38.3,1022.3,8.7,476.0
2019-02-23,6,34.8,1030.2,4.9,277.0
2019-02-24,0,40.5,1018.9,14.1,0.0
2019-02-25,1,38.7,999.2,24.3,417.0
2019-02-26,2,29.2,1019.3,20.2,401.0
2019-02-27,3,21.6,1027.6,10.9,478.0
2019-02-28,4,26.0,1020.0,8.0,469.0
2019-03-01,5,26.7,1026.9,4.0,508.0
2019-03-02,6,35.1,1016.8,16.1,377.0
2019-03-03,0,34.5,1018.5,5.7,452.0
2019-03-04,1,37.9,1004.8,15.3,359.0
2019-03-05,2,28.2,1014.9,12.4,551.0
2019-03-06,3,25.4,1014.7,13.5,525.0
2019-03-07,4,22.1,1022.9,12.5,490.0
2019-03-08,5,27.2,1027.8,10.9,554.0
2019-03-09,6,35.1,1025.1,7.4,456.0
2019-03-10,0,36.8,1027.7,14.7,167.0
2019-03-11,1,41.7,1014.1,11.1,384.0
2019-03-12,2,38.6,1016.8,11.8,526.0
2019-03-13,3,34.5,1026.0,6.7,499.0
2019-03-14,4,39.0,1026.2,7.2,422.0
2019-03-15,5,45.3,1017.4,15.3,593.0
2019-03-16,6,46.9,1009.9,16.0,489.0
2019-03-17,0,36.3,1018.6,13.2,151.0
2019-03-18,1,34.5,1023.1,10.8,530.0
2019-03-19,2,35.2,1027.5,8.2,517.0
2019-03-20,3,36.9,1029.5,6.7,538.0
2019-03-21,4,40.7,1023.0,12.7,558.0
2019-03-22,5,42.3,997.6,15.0,191.0
2019-03-23,6,39.3,999.3,21.7,484.0
2019-03-24,0,39.1,1016.9,15.5,358.0
2019-03-25,1,42.5,1016.8,11.0,488.0
2019-03-26,2,36.9,1021.3,10.8,572.0
2019-03-27,3,34.4,1030.9,10.7,512.0
2019-03-28,4,36.3,1031.6,9.1,387.0
2019-03-29,5,44.4,1022.1,11.7,509.0
2019-03-30,6,46.1,1020.5,7.7,466.0
2019-03-31,0,49.2,1011.3,14.7,280.0
2019-04-01,1,41.8,1014.7,15.2,432.0
2019-04-02,2,37.1,1029.6,8.7,501.0
2019-04-03,3,43.7,1013.4,21.6,562.0
2019-04-04,4,44.5,1023.7,16.5,402.0
2019-04-05,5,39.4,1031.0,10.7,197.0
2019-04-06,6,46.3,1022.7,10.3,511.0
2019-04-07,0,45.3,1023.5,7.4,442.0
2019-04-08,1,46.2,1016.8,8.4,542.0
2019-04-09,2,41.4,1006.5,12.7,496.0
2019-04-10,3,41.8,1007.6,10.4,564.0
2019-04-11,4,40.3,1021.0,10.8,497.0
2019-04-12,5,43.8,1027.0,8.4,301.0
2019-04-13,6,49.7,1020.8,12.6,553.0
2019-04-14,0,50.8,1014.4,7.7,299.0
2019-04-15,1,52.0,997.1,15.1,395.0
2019-04-16,2,47.1,1007.6,18.3,598.0
2019-04-17,3,47.5,1019.3,10.1,563.0
2019-04-18,4,43.7,1023.9,12.1,480.0
2019-04-19,5,53.7,1014.1,16.7,490.0
2019-04-20,6,54.5,1013.8,17.7,335.0
2019-04-21,0,52.2,1018.4,11.6,241.0
2019-04-22,1,52.1,1017.3,7.3,469.0
2019-04-23,2,48.8,1012.2,11.4,530.0
2019-04-24,3,51.5,1007.2,9.8,456.0
2019-04-25,4,47.7,1013.3,5.6,216.0
2019-04-26,5,46.8,1011.9,13.9,462.0
2019-04-27,6,52.9,998.5,19.3,470.0
2019-04-28,0,46.9,1013.8,8.8,93.0
2019-04-29,1,47.8,1025.4,10.9,513.0
2019-04-30,2,45.6,1024.6,7.6,535.0
2019-05-01,3,46.9,1030.0,4.7,547.0
2019-05-02,4,49.4,1022.4,10.6,392.0
2019-05-03,5,47.3,1022.8,9.2,607.0
2019-05-04,6,51.3,1012.8,6.4,501.0
2019-05-05,0,46.9,1011.4,9.6,395.0
2019-05-06,1,48.1,1012.7,18.5,492.0
2019-05-07,2,48.3,1021.2,7.8,576.0
2019-05-08,3,53.0,1022.2,9.2,580.0
2019-05-09,4,47.7,1027.4,7.6,539.0
2019-05-10,5,48.4,1023.6,13.8,611.0
2019-05-11,6,56.8,1014.3,10.0,580.0
2019-05-12,0,45.7,1016.3,8.6,544.0
2019-05-13,1,46.1,1012.1,14.7,568.0
2019-05-14,2,44.9,1007.4,15.0,491.0
2019-05-15,3,48.5,1008.7,10.8,626.0
2019-05-16,4,53.3,1010.2,8.2,565.0
2019-05-17,5,52.3,1010.8,8.4,330.0
2019-05-18,6,56.7,1011.9,9.2,586.0
2019-05-19,0,52.0,1020.1,9.7,498.0
2019-05-20,1,57.2,1012.4,11.3,616.0
2019-05-21,2,58.9,1008.1,13.5,309.0
2019-05-22,3,56.7,1019.2,12.8,625.0
2019-05-23,4,52.5,1022.9,10.5,433.0
2019-05-24,5,59.3,1007.9,18.7,545.0
2019-05-25,6,56.9,1020.9,9.7,335.0
2019-05-26,0,57.6,1014.5,12.1,162.0
2019-05-27,1,62.1,1010.3,11.4,0.0
2019-05-28,2,51.6,1013.9,8.8,594.0
2019-05-29,3,54.6,1007.6,13.2,539.0
2019-05-30,4,51.3,1009.2,6.4,561.0
2019-05-31,5,58.2,1006.5,8.4,322.0
2019-06-01,6,55.3,1010.9,6.0,355.0
2019-06-02,0,56.9,1008.0,6.9,167.0
2019-06-03,1,60.4,1009.4,11.0,595.0
2019-06-04,2,58.5,1016.7,12.6,550.0
2019-06-05,3,59.8,1014.3,12.3,595.0
2019-06-06,4,62.0,1007.5,12.5,663.0
2019-06-07,5,59.8,1012.6,4.8,533.0
2019-06-08,6,60.6,1019.3,9.1,535.0
2019-06-09,0,57.7,1026.7,5.3,405.0
2019-06-10,1,59.4,1022.9,10.5,551.0
2019-06-11,2,63.7,1012.2,11.2,614.0
2019-06-12,3,62.9,1019.8,8.2,606.0
2019-06-13,4,56.7,1019.4,12.4,569.0
2019-06-14,5,61.7,1011.3,13.0,513.0
2019-06-15,6,62.7,1018.0,11.3,556.0
2019-06-16,0,62.8,1014.2,13.2,171.0
2019-06-17,1,66.0,1014.3,6.3,366.0
2019-06-18,2,60.4,1015.1,5.2,646.0
2019-06-19,3,62.3,1011.6,6.8,538.0
2019-06-20,4,61.0,1003.1,8.1,626.0
2019-06-21,5,63.2,997.5,10.0,308.0
2019-06-22,6,64.7,1006.7,8.4,578.0
2019-06-23,0,65.7,1011.3,11.4,429.0
2019-06-24,1,68.5,1010.0,9.0,322.0
2019-06-25,2,61.5,1013.4,8.5,597.0
2019-06-26,3,67.3,1014.7,7.9,483.0
2019-06-27,4,61.4,1019.2,4.2,447.0
2019-06-28,5,66.8,1020.2,4.4,670.0
2019-06-29,6,65.8,1017.4,7.6,596.0
2019-06-30,0,69.3,1006.0,9.4,513.0
2019-07-01,1,66.9,1010.0,10.4,407.0
2019-07-02,2,67.9,1009.0,9.1,528.0
2019-07-03,3,70.2,1009.9,5.0,604.0
2019-07-04,4,66.6,1017.9,3.7,0.0
2019-07-05,5,66.1,1021.4,3.9,424.0
2019-07-06,6,68.9,1013.9,7.5,304.0
2019-07-07,0,69.0,1012.1,11.2,209.0
2019-07-08,1,64.9,1014.7,4.2,531.0
2019-07-09,2,69.0,1015.8,6.5,590.0
2019-07-10,3,71.5,1016.8,6.4,502.0
2019-07-11,4,66.8,1015.9,5.8,602.0
2019-07-12,5,70.8,1008.1,10.9,0.0
2019-07-13,6,71.9,1010.7,7.5,496.0
2019-07-14,0,71.8,1011.9,9.6,390.0
2019-07-15,1,73.1,1015.0,9.1,579.0
2019-07-16,2,70.3,1017.6,5.3,611.0
2019-07-17,3,70.9,1015.0,9.3,575.0
2019-07-18,4,71.4,1013.2,4.9,572.0
2019-07-19,5,69.2,1011.4,8.1,610.0
2019-07-20,6,76.2,1009.2,9.1,531.0
2019-07-21,0,76.7,1007.5,10.7,440.0
2019-07-22,1,76.5,1009.8,7.0,470.0
2019-07-23,2,70.4,1008.4,10.6,495.0
2019-07-24,3,66.1,1012.9,9.1,570.0
2019-07-25,4,69.5,1017.7,5.8,545.0
2019-07-26,5,67.1,1024.0,3.4,436.0
2019-07-27,6,67.1,1025.2,4.9,539.0
2019-07-28,0,66.9,1020.3,7.3,489.0
2019-07-29,1,72.8,1015.9,9.3,400.0
2019-07-30,2,73.0,1016.3,7.8,572.0
2019-07-31,3,72.9,1017.2,7.0,553.0
2019-08-01,4,74.3,1017.3,6.0,443.0
2019-08-02,5,71.6,1019.8,4.7,556.0
2019-08-03,6,70.3,1018.0,6.3,514.0
2019-08-04,0,73.3,1012.6,7.9,357.0
2019-08-05,1,70.2,1014.4,6.9,351.0
2019-08-06,2,68.9,1013.4,7.2,498.0
2019-08-07,3,70.2,1012.0,7.2,551.0
2019-08-08,4,73.3,1007.8,11.5,270.0
2019-08-09,5,73.7,1006.1,10.4,286.0
2019-08-10,6,71.2,1007.8,10.5,518.0
2019-08-11,0,68.8,1013.3,9.4,317.0
2019-08-12,1,71.2,1014.3,9.3,531.0
2019-08-13,2,71.2,1011.2,8.4,240.0
2019-08-14,3,71.1,1009.9,6.8,492.0
2019-08-15,4,68.6,1015.3,8.5,510.0
2019-08-16,5,66.6,1017.6,7.0,483.0
2019-08-17,6,67.5,1017.6,7.1,480.0
2019-08-18,0,71.2,1016.4,4.0,309.0
2019-08-19,1,73.3,1015.6,6.3,512.0
2019-08-20,2,75.5,1017.0,6.8,533.0
2019-08-21,3,70.6,1016.2,7.2,478.0
2019-08-22,4,74.6,1011.5,8.1,525.0
2019-08-23,5,72.0,1013.2,7.2,407.0
2019-08-24,6,68.3,1018.7,12.3,466.0
2019-08-25,0,65.5,1023.9,13.6,326.0
2019-08-26,1,64.3,1022.1,13.7,449.0
2019-08-27,2,60.4,1019.4,4.7,469.0
2019-08-28,3,65.4,1015.1,7.7,436.0
2019-08-29,4,71.0,1009.4,9.5,534.0
2019-08-30,5,68.0,1015.6,7.9,366.0
2019-08-31,6,70.3,1020.7,5.3,306.0
2019-09-01,0,63.8,1026.5,6.9,356.0
2019-09-02,1,64.9,1021.2,6.4,282.0
2019-09-03,2,70.0,1016.3,6.8,386.0
2019-09-04,3,66.6,1015.1,7.7,539.0
2019-09-05,4,67.7,1016.7,9.7,575.0
2019-09-06,5,59.3,1016.1,9.3,536.0
2019-09-07,6,62.1,1003.1,20.3,314.0
2019-09-08,0,66.0,1014.1,10.5,427.0
2019-09-09,1,63.9,1023.2,4.5,551.0
2019-09-10,2,62.8,1027.3,6.2,562.0
2019-09-11,3,68.3,1022.3,10.2,568.0
2019-09-12,4,65.4,1018.9,11.2,274.0
2019-09-13,5,59.6,1029.0,11.8,503.0
2019-09-14,6,60.7,1028.6,10.4,444.0
2019-09-15,0,68.2,1020.4,8.2,543.0
2019-09-16,1,65.4,1016.8,7.4,572.0
2019-09-17,2,61.5,1018.2,9.2,391.0
2019-09-18,3,56.0,1022.6,11.3,556.0
2019-09-19,4,57.3,1025.5,11.4,552.0
2019-09-20,5,58.8,1022.2,6.6,485.0
2019-09-21,6,67.0,1021.2,6.5,522.0
2019-09-22,0,64.6,1021.0,6.5,463.0
2019-09-23,1,68.5,1013.3,12.0,574.0
2019-09-24,2,68.6,1006.9,11.1,568.0
2019-09-25,3,63.8,1009.9,9.7,553.0
2019-09-26,4,64.7,1010.9,8.0,587.0
2019-09-27,5,63.5,1017.6,7.7,291.0
2019-09-28,6,63.8,1020.9,8.2,485.0
2019-09-29,0,66.9,1021.4,11.4,322.0
2019-09-30,1,56.3,1026.3,7.8,92.0
2019-10-01,2,59.4,1020.6,8.4,421.0
2019-10-02,3,67.6,1009.7,13.4,221.0
2019-10-03,4,55.3,1019.7,12.5,352.0
2019-10-04,5,57.4,1015.5,14.6,106.0
2019-10-05,6,51.9,1027.7,12.2,495.0
2019-10-06,0,52.0,1029.5,7.2,177.0
2019-10-07,1,66.9,1023.9,12.9,512.0
2019-10-08,2,61.3,1022.2,12.1,476.0
2019-10-09,3,56.9,1022.1,19.5,237.0
2019-10-10,4,54.5,1018.5,28.8,555.0
2019-10-11,5,55.5,1015.1,26.1,557.0
2019-10-12,6,56.2,1011.6,19.9,443.0
2019-10-13,0,57.6,1016.5,6.0,394.0
2019-10-14,1,57.7,1015.7,6.5,77.0
2019-10-15,2,56.7,1018.2,8.9,489.0
2019-10-16,3,51.5,1015.6,9.3,489.0
2019-10-17,4,58.2,990.0,28.0,548.0
2019-10-18,5,55.0,1002.8,14.9,450.0
2019-10-19,6,50.5,1014.9,10.9,517.0
2019-10-20,0,49.3,1018.2,3.9,451.0
2019-10-21,1,55.2,1016.7,13.5,429.0
2019-10-22,2,56.3,1018.7,11.5,508.0
2019-10-23,3,61.4,1011.4,11.3,603.0
2019-10-24,4,55.5,1023.6,6.7,557.0
2019-10-25,5,55.9,1025.2,6.0,584.0
2019-10-26,6,55.2,1022.8,7.3,476.0
2019-10-27,0,53.4,1022.7,14.3,419.0
2019-10-28,1,56.0,1016.4,17.1,551.0
2019-10-29,2,55.1,1026.8,7.7,566.0
2019-10-30,3,57.8,1025.6,7.9,531.0
2019-10-31,4,62.5,1017.7,13.1,559.0
2019-11-01,5,58.7,1011.6,20.2,0.0
2019-11-02,6,47.0,1021.6,7.2,455.0
2019-11-03,0,51.0,1016.8,7.5,439.0
2019-11-04,1,48.1,1026.3,7.5,559.0
2019-11-05,2,56.6,1025.2,11.5,276.0
2019-11-06,3,51.5,1024.1,10.5,558.0
2019-11-07,4,51.4,1023.4,7.8,484.0
2019-11-08,5,42.7,1014.8,15.7,609.0
2019-11-09,6,35.3,1024.6,10.2,450.0
2019-11-10,0,48.3,1019.5,8.8,301.0
2019-11-11,1,51.5,1019.0,7.7,426.0
2019-11-12,2,53.9,1009.5,13.1,540.0
2019-11-13,3,29.0,1019.9,17.5,550.0
2019-11-14,4,35.0,1030.7,8.0,505.0
2019-11-15,5,49.3,1022.5,11.0,565.0
2019-11-16,6,39.7,1026.2,18.4,480.0
2019-11-17,0,41.5,1027.1,14.2,357.0
2019-11-18,1,48.4,1006.8,21.7,112.0
2019-11-19,2,46.5,1005.8,7.5,561.0
2019-11-20,3,44.8,1009.7,10.0,465.0
2019-11-21,4,43.3,1017.1,13.0,584.0
2019-11-22,5,48.1,1011.4,10.6,576.0
2019-11-23,6,40.4,1012.4,13.9,398.0
2019-11-24,0,50.2,1000.6,13.0,461.0
2019-11-25,1,45.4,1004.1,12.8,576.0
2019-11-26,2,46.5,1015.7,5.4,623.0
2019-11-27,3,48.5,1016.5,6.0,513.0
2019-11-28,4,47.2,1000.4,20.5,69.0
2019-11-29,5,40.5,1015.6,20.1,323.0
2019-11-30,6,35.0,1013.2,15.8,403.0
2019-12-01,0,36.7,1014.3,7.5,372.0
2019-12-02,1,44.8,996.1,20.5,522.0
2019-12-03,2,39.9,990.8,18.6,571.0
2019-12-04,3,36.6,998.7,7.5,498.0
2019-12-05,4,39.6,1002.0,8.4,541.0
2019-12-06,5,38.3,1016.2,14.2,499.0
2019-12-07,6,36.4,1022.2,12.9,509.0
2019-12-08,0,31.8,1032.5,8.7,405.0
2019-12-09,1,48.2,1024.0,13.5,445.0
2019-12-10,2,53.1,1010.4,16.0,467.0
2019-12-11,3,39.9,1020.1,10.5,517.0
2019-12-12,4,31.1,1034.8,11.7,546.0
2019-12-13,5,38.7,1033.4,10.3,391.0
2019-12-14,6,52.7,1010.4,16.5,522.0
2019-12-15,0,47.7,1001.7,19.8,457.0
2019-12-16,1,35.4,1020.9,11.0,470.0
2019-12-17,2,37.5,1012.7,7.3,432.0
2019-12-18,3,39.3,1004.4,12.5,421.0
2019-12-19,4,24.2,1016.0,18.4,418.0
2019-12-20,5,24.2,1027.8,13.5,506.0
2019-12-21,6,33.3,1035.1,5.2,460.0
2019-12-22,0,41.3,1026.8,9.1,453.0
2019-12-23,1,44.3,1017.8,11.4,534.0
2019-12-24,2,42.8,1015.2,12.0,485.0
2019-12-25,3,35.6,1022.2,4.7,0.0
2019-12-26,4,35.9,1025.7,5.9,369.0
2019-12-27,5,40.1,1026.1,7.6,412.0
2019-12-28,6,44.5,1019.1,9.1,122.0
2019-12-29,0,38.4,1021.7,6.8,246.0
2019-12-30,1,39.6,1017.1,13.0,482.0
2019-12-31,2,44.7,1002.6,14.7,409.0
